-- phpMyAdmin SQL Dump
-- version 4.7.0
-- https://www.phpmyadmin.net/
--
-- Máy chủ: 127.0.0.1
-- Thời gian đã tạo: Th4 18, 2018 lúc 03:47 PM
-- Phiên bản máy phục vụ: 10.1.25-MariaDB
-- Phiên bản PHP: 5.6.31

SET SQL_MODE = "NO_AUTO_VALUE_ON_ZERO";
SET AUTOCOMMIT = 0;
START TRANSACTION;
SET time_zone = "+00:00";


/*!40101 SET @OLD_CHARACTER_SET_CLIENT=@@CHARACTER_SET_CLIENT */;
/*!40101 SET @OLD_CHARACTER_SET_RESULTS=@@CHARACTER_SET_RESULTS */;
/*!40101 SET @OLD_COLLATION_CONNECTION=@@COLLATION_CONNECTION */;
/*!40101 SET NAMES utf8mb4 */;

--
-- Cơ sở dữ liệu: `dsd`
--

-- --------------------------------------------------------

--
-- Cấu trúc bảng cho bảng `guest_location`
--

CREATE TABLE `guest_location` (
  `socket_id` varchar(45) COLLATE utf8_unicode_ci NOT NULL,
  `staff_id` int(11) DEFAULT NULL,
  `name` varchar(45) COLLATE utf8_unicode_ci DEFAULT NULL,
  `x` int(11) DEFAULT '-1',
  `y` int(11) DEFAULT '-1',
  `enable` int(11) DEFAULT '0'
) ENGINE=InnoDB DEFAULT CHARSET=utf8 COLLATE=utf8_unicode_ci;

-- --------------------------------------------------------

--
-- Cấu trúc bảng cho bảng `history_detail`
--

CREATE TABLE `history_detail` (
  `id` int(11) NOT NULL,
  `tree_id` int(11) DEFAULT NULL,
  `staff_id` int(11) DEFAULT NULL,
  `time` datetime DEFAULT CURRENT_TIMESTAMP,
  `volume` double DEFAULT NULL
) ENGINE=InnoDB DEFAULT CHARSET=utf8 COLLATE=utf8_unicode_ci;

--
-- Đang đổ dữ liệu cho bảng `history_detail`
--

INSERT INTO `history_detail` (`id`, `tree_id`, `staff_id`, `time`, `volume`) VALUES
(1, 1, 1, '2018-03-20 22:46:04', 1),
(2, 1, 1, '2018-03-20 22:46:25', 1),
(3, 1, 1, '2018-03-20 21:46:28', 1),
(4, 1, 1, '2018-03-20 20:46:28', 1),
(5, 1, 1, '2018-03-20 11:46:29', 1),
(6, 1, 1, '2018-03-20 12:46:29', 1),
(7, 1, 1, '2018-03-20 14:46:35', 1),
(8, 1, 1, '2018-03-20 13:46:36', 1),
(9, 1, 1, '2018-03-20 14:46:37', 1),
(10, 1, 1, '2018-03-20 15:46:38', 1),
(11, 1, 1, '2018-03-20 16:46:38', 1),
(12, 1, 1, '2018-03-20 10:46:39', 1),
(13, 3, 2, '2018-03-20 22:46:51', 1),
(14, 3, 2, '2018-03-20 22:46:52', 1),
(15, 3, 2, '2018-03-20 22:46:53', 1),
(16, 3, 2, '2018-03-20 22:46:54', 1),
(17, 3, 2, '2018-03-20 22:46:56', 1),
(18, 3, 2, '2018-03-20 22:46:56', 1),
(19, 3, 2, '2018-03-20 22:46:57', 1),
(20, 3, 2, '2018-03-20 22:46:58', 1),
(21, 3, 2, '2018-03-20 22:46:59', 1),
(22, 3, 2, '2018-03-20 22:46:59', 1),
(23, 3, 2, '2018-03-20 22:47:00', 1),
(24, 3, 2, '2018-03-20 22:47:01', 1),
(25, 3, 2, '2018-03-20 22:47:01', 1),
(26, 1, 2, '2018-03-20 22:49:07', 1),
(27, 1, 2, '2018-04-11 14:45:15', 1),
(28, 2, 2, '2018-04-11 14:46:00', 1),
(29, 10, 2, '2018-04-11 14:46:36', 1),
(30, 1, 2, '2018-04-12 01:30:08', 1),
(31, 1, 2, '2018-04-12 01:34:22', 1),
(32, 1, 2, '2018-04-12 01:34:38', 1),
(33, 2, 2, '2018-04-12 01:35:22', 0.5);

-- --------------------------------------------------------

--
-- Cấu trúc bảng cho bảng `map`
--

CREATE TABLE `map` (
  `id` int(11) NOT NULL,
  `x` int(11) DEFAULT NULL,
  `y` int(11) DEFAULT NULL,
  `value` int(11) DEFAULT '0'
) ENGINE=InnoDB DEFAULT CHARSET=utf8 COLLATE=utf8_unicode_ci;

--
-- Đang đổ dữ liệu cho bảng `map`
--

INSERT INTO `map` (`id`, `x`, `y`, `value`) VALUES
(5001, 0, 0, 0),
(5002, 1, 0, 0),
(5003, 2, 0, 0),
(5004, 3, 0, 0),
(5005, 4, 0, 0),
(5006, 5, 0, 0),
(5007, 6, 0, 0),
(5008, 7, 0, 0),
(5009, 8, 0, 0),
(5010, 9, 0, 0),
(5011, 10, 0, 0),
(5012, 11, 0, 0),
(5013, 12, 0, 0),
(5014, 13, 0, 0),
(5015, 14, 0, 0),
(5016, 15, 0, 0),
(5017, 16, 0, 0),
(5018, 17, 0, 0),
(5019, 18, 0, 0),
(5020, 19, 0, 0),
(5021, 20, 0, 0),
(5022, 21, 0, 0),
(5023, 22, 0, 0),
(5024, 23, 0, 0),
(5025, 24, 0, 0),
(5026, 25, 0, 0),
(5027, 26, 0, 0),
(5028, 27, 0, 0),
(5029, 28, 0, 0),
(5030, 29, 0, 0),
(5031, 30, 0, 0),
(5032, 31, 0, 0),
(5033, 32, 0, 0),
(5034, 33, 0, 0),
(5035, 34, 0, 0),
(5036, 35, 0, 0),
(5037, 36, 0, 0),
(5038, 37, 0, 0),
(5039, 38, 0, 0),
(5040, 39, 0, 0),
(5041, 40, 0, 0),
(5042, 41, 0, 0),
(5043, 42, 0, 0),
(5044, 43, 0, 0),
(5045, 44, 0, 0),
(5046, 45, 0, 0),
(5047, 46, 0, 0),
(5048, 47, 0, 0),
(5049, 48, 0, 0),
(5050, 49, 0, 0),
(5051, 0, 1, 2),
(5052, 1, 1, 2),
(5053, 2, 1, 2),
(5054, 3, 1, 2),
(5055, 4, 1, 2),
(5056, 5, 1, 2),
(5057, 6, 1, 1),
(5058, 7, 1, 0),
(5059, 8, 1, 1),
(5060, 9, 1, 0),
(5061, 10, 1, 0),
(5062, 11, 1, 0),
(5063, 12, 1, 0),
(5064, 13, 1, 1),
(5065, 14, 1, 0),
(5066, 15, 1, 0),
(5067, 16, 1, 0),
(5068, 17, 1, 0),
(5069, 18, 1, 0),
(5070, 19, 1, 0),
(5071, 20, 1, 2),
(5072, 21, 1, 2),
(5073, 22, 1, 2),
(5074, 23, 1, 2),
(5075, 24, 1, 2),
(5076, 25, 1, 2),
(5077, 26, 1, 2),
(5078, 27, 1, 2),
(5079, 28, 1, 2),
(5080, 29, 1, 2),
(5081, 30, 1, 2),
(5082, 31, 1, 2),
(5083, 32, 1, 2),
(5084, 33, 1, 2),
(5085, 34, 1, 2),
(5086, 35, 1, 2),
(5087, 36, 1, 2),
(5088, 37, 1, 0),
(5089, 38, 1, 0),
(5090, 39, 1, 1),
(5091, 40, 1, 0),
(5092, 41, 1, 0),
(5093, 42, 1, 0),
(5094, 43, 1, 1),
(5095, 44, 1, 0),
(5096, 45, 1, 0),
(5097, 46, 1, 0),
(5098, 47, 1, 4),
(5099, 48, 1, 2),
(5100, 49, 1, 2),
(5101, 0, 2, 2),
(5102, 1, 2, 2),
(5103, 2, 2, 2),
(5104, 3, 2, 2),
(5105, 4, 2, 2),
(5106, 5, 2, 2),
(5107, 6, 2, 0),
(5108, 7, 2, 0),
(5109, 8, 2, 0),
(5110, 9, 2, 0),
(5111, 10, 2, 0),
(5112, 11, 2, 0),
(5113, 12, 2, 0),
(5114, 13, 2, 0),
(5115, 14, 2, 0),
(5116, 15, 2, 0),
(5117, 16, 2, 0),
(5118, 17, 2, 0),
(5119, 18, 2, 0),
(5120, 19, 2, 0),
(5121, 20, 2, 2),
(5122, 21, 2, 2),
(5123, 22, 2, 4),
(5124, 23, 2, 2),
(5125, 24, 2, 2),
(5126, 25, 2, 2),
(5127, 26, 2, 2),
(5128, 27, 2, 2),
(5129, 28, 2, 2),
(5130, 29, 2, 2),
(5131, 30, 2, 2),
(5132, 31, 2, 2),
(5133, 32, 2, 2),
(5134, 33, 2, 2),
(5135, 34, 2, 2),
(5136, 35, 2, 2),
(5137, 36, 2, 2),
(5138, 37, 2, 0),
(5139, 38, 2, 0),
(5140, 39, 2, 0),
(5141, 40, 2, 0),
(5142, 41, 2, 0),
(5143, 42, 2, 0),
(5144, 43, 2, 0),
(5145, 44, 2, 0),
(5146, 45, 2, 0),
(5147, 46, 2, 0),
(5148, 47, 2, 2),
(5149, 48, 2, 2),
(5150, 49, 2, 2),
(5151, 0, 3, 2),
(5152, 1, 3, 2),
(5153, 2, 3, 2),
(5154, 3, 3, 2),
(5155, 4, 3, 2),
(5156, 5, 3, 2),
(5157, 6, 3, 0),
(5158, 7, 3, 0),
(5159, 8, 3, 1),
(5160, 9, 3, 0),
(5161, 10, 3, 0),
(5162, 11, 3, 0),
(5163, 12, 3, 0),
(5164, 13, 3, 1),
(5165, 14, 3, 0),
(5166, 15, 3, 0),
(5167, 16, 3, 0),
(5168, 17, 3, 0),
(5169, 18, 3, 0),
(5170, 19, 3, 0),
(5171, 20, 3, 2),
(5172, 21, 3, 2),
(5173, 22, 3, 0),
(5174, 23, 3, 0),
(5175, 24, 3, 0),
(5176, 25, 3, 0),
(5177, 26, 3, 0),
(5178, 27, 3, 0),
(5179, 28, 3, 0),
(5180, 29, 3, 0),
(5181, 30, 3, 0),
(5182, 31, 3, 0),
(5183, 32, 3, 0),
(5184, 33, 3, 0),
(5185, 34, 3, 2),
(5186, 35, 3, 2),
(5187, 36, 3, 2),
(5188, 37, 3, 0),
(5189, 38, 3, 0),
(5190, 39, 3, 1),
(5191, 40, 3, 0),
(5192, 41, 3, 0),
(5193, 42, 3, 0),
(5194, 43, 3, 1),
(5195, 44, 3, 0),
(5196, 45, 3, 0),
(5197, 46, 3, 0),
(5198, 47, 3, 2),
(5199, 48, 3, 2),
(5200, 49, 3, 2),
(5201, 0, 4, 2),
(5202, 1, 4, 2),
(5203, 2, 4, 4),
(5204, 3, 4, 0),
(5205, 4, 4, 0),
(5206, 5, 4, 0),
(5207, 6, 4, 0),
(5208, 7, 4, 0),
(5209, 8, 4, 0),
(5210, 9, 4, 0),
(5211, 10, 4, 0),
(5212, 11, 4, 0),
(5213, 12, 4, 0),
(5214, 13, 4, 0),
(5215, 14, 4, 0),
(5216, 15, 4, 0),
(5217, 16, 4, 0),
(5218, 17, 4, 0),
(5219, 18, 4, 0),
(5220, 19, 4, 0),
(5221, 20, 4, 2),
(5222, 21, 4, 2),
(5223, 22, 4, 0),
(5224, 23, 4, 0),
(5225, 24, 4, 0),
(5226, 25, 4, 0),
(5227, 26, 4, 0),
(5228, 27, 4, 0),
(5229, 28, 4, 0),
(5230, 29, 4, 0),
(5231, 30, 4, 0),
(5232, 31, 4, 0),
(5233, 32, 4, 0),
(5234, 33, 4, 0),
(5235, 34, 4, 2),
(5236, 35, 4, 2),
(5237, 36, 4, 2),
(5238, 37, 4, 0),
(5239, 38, 4, 0),
(5240, 39, 4, 0),
(5241, 40, 4, 0),
(5242, 41, 4, 0),
(5243, 42, 4, 0),
(5244, 43, 4, 0),
(5245, 44, 4, 0),
(5246, 45, 4, 0),
(5247, 46, 4, 0),
(5248, 47, 4, 2),
(5249, 48, 4, 2),
(5250, 49, 4, 2),
(5251, 0, 5, 2),
(5252, 1, 5, 2),
(5253, 2, 5, 2),
(5254, 3, 5, 0),
(5255, 4, 5, 0),
(5256, 5, 5, 0),
(5257, 6, 5, 0),
(5258, 7, 5, 0),
(5259, 8, 5, 1),
(5260, 9, 5, 0),
(5261, 10, 5, 0),
(5262, 11, 5, 0),
(5263, 12, 5, 0),
(5264, 13, 5, 1),
(5265, 14, 5, 0),
(5266, 15, 5, 0),
(5267, 16, 5, 0),
(5268, 17, 5, 0),
(5269, 18, 5, 0),
(5270, 19, 5, 0),
(5271, 20, 5, 2),
(5272, 21, 5, 2),
(5273, 22, 5, 0),
(5274, 23, 5, 0),
(5275, 24, 5, 0),
(5276, 25, 5, 0),
(5277, 26, 5, 2),
(5278, 27, 5, 2),
(5279, 28, 5, 0),
(5280, 29, 5, 0),
(5281, 30, 5, 0),
(5282, 31, 5, 1),
(5283, 32, 5, 0),
(5284, 33, 5, 0),
(5285, 34, 5, 2),
(5286, 35, 5, 2),
(5287, 36, 5, 2),
(5288, 37, 5, 0),
(5289, 38, 5, 0),
(5290, 39, 5, 1),
(5291, 40, 5, 0),
(5292, 41, 5, 0),
(5293, 42, 5, 0),
(5294, 43, 5, 1),
(5295, 44, 5, 0),
(5296, 45, 5, 0),
(5297, 46, 5, 0),
(5298, 47, 5, 2),
(5299, 48, 5, 2),
(5300, 49, 5, 2),
(5301, 0, 6, 2),
(5302, 1, 6, 2),
(5303, 2, 6, 2),
(5304, 3, 6, 0),
(5305, 4, 6, 0),
(5306, 5, 6, 0),
(5307, 6, 6, 0),
(5308, 7, 6, 0),
(5309, 8, 6, 0),
(5310, 9, 6, 0),
(5311, 10, 6, 0),
(5312, 11, 6, 0),
(5313, 12, 6, 0),
(5314, 13, 6, 0),
(5315, 14, 6, 0),
(5316, 15, 6, 0),
(5317, 16, 6, 0),
(5318, 17, 6, 0),
(5319, 18, 6, 0),
(5320, 19, 6, 0),
(5321, 20, 6, 2),
(5322, 21, 6, 2),
(5323, 22, 6, 0),
(5324, 23, 6, 0),
(5325, 24, 6, 0),
(5326, 25, 6, 0),
(5327, 26, 6, 2),
(5328, 27, 6, 2),
(5329, 28, 6, 0),
(5330, 29, 6, 0),
(5331, 30, 6, 0),
(5332, 31, 6, 0),
(5333, 32, 6, 0),
(5334, 33, 6, 0),
(5335, 34, 6, 2),
(5336, 35, 6, 2),
(5337, 36, 6, 2),
(5338, 37, 6, 0),
(5339, 38, 6, 0),
(5340, 39, 6, 0),
(5341, 40, 6, 0),
(5342, 41, 6, 0),
(5343, 42, 6, 0),
(5344, 43, 6, 0),
(5345, 44, 6, 0),
(5346, 45, 6, 0),
(5347, 46, 6, 0),
(5348, 47, 6, 2),
(5349, 48, 6, 2),
(5350, 49, 6, 2),
(5351, 0, 7, 2),
(5352, 1, 7, 2),
(5353, 2, 7, 2),
(5354, 3, 7, 0),
(5355, 4, 7, 0),
(5356, 5, 7, 0),
(5357, 6, 7, 0),
(5358, 7, 7, 0),
(5359, 8, 7, 1),
(5360, 9, 7, 0),
(5361, 10, 7, 0),
(5362, 11, 7, 0),
(5363, 12, 7, 0),
(5364, 13, 7, 1),
(5365, 14, 7, 0),
(5366, 15, 7, 0),
(5367, 16, 7, 0),
(5368, 17, 7, 0),
(5369, 18, 7, 0),
(5370, 19, 7, 0),
(5371, 20, 7, 2),
(5372, 21, 7, 2),
(5373, 22, 7, 0),
(5374, 23, 7, 0),
(5375, 24, 7, 0),
(5376, 25, 7, 0),
(5377, 26, 7, 1),
(5378, 27, 7, 0),
(5379, 28, 7, 0),
(5380, 29, 7, 0),
(5381, 30, 7, 0),
(5382, 31, 7, 1),
(5383, 32, 7, 0),
(5384, 33, 7, 0),
(5385, 34, 7, 2),
(5386, 35, 7, 2),
(5387, 36, 7, 2),
(5388, 37, 7, 0),
(5389, 38, 7, 0),
(5390, 39, 7, 1),
(5391, 40, 7, 0),
(5392, 41, 7, 0),
(5393, 42, 7, 0),
(5394, 43, 7, 1),
(5395, 44, 7, 0),
(5396, 45, 7, 0),
(5397, 46, 7, 0),
(5398, 47, 7, 2),
(5399, 48, 7, 2),
(5400, 49, 7, 2),
(5401, 0, 8, 2),
(5402, 1, 8, 2),
(5403, 2, 8, 2),
(5404, 3, 8, 0),
(5405, 4, 8, 0),
(5406, 5, 8, 0),
(5407, 6, 8, 0),
(5408, 7, 8, 0),
(5409, 8, 8, 0),
(5410, 9, 8, 0),
(5411, 10, 8, 0),
(5412, 11, 8, 0),
(5413, 12, 8, 0),
(5414, 13, 8, 0),
(5415, 14, 8, 0),
(5416, 15, 8, 0),
(5417, 16, 8, 0),
(5418, 17, 8, 0),
(5419, 18, 8, 0),
(5420, 19, 8, 0),
(5421, 20, 8, 2),
(5422, 21, 8, 2),
(5423, 22, 8, 0),
(5424, 23, 8, 0),
(5425, 24, 8, 0),
(5426, 25, 8, 0),
(5427, 26, 8, 0),
(5428, 27, 8, 0),
(5429, 28, 8, 0),
(5430, 29, 8, 0),
(5431, 30, 8, 0),
(5432, 31, 8, 0),
(5433, 32, 8, 0),
(5434, 33, 8, 0),
(5435, 34, 8, 2),
(5436, 35, 8, 2),
(5437, 36, 8, 2),
(5438, 37, 8, 0),
(5439, 38, 8, 0),
(5440, 39, 8, 0),
(5441, 40, 8, 0),
(5442, 41, 8, 0),
(5443, 42, 8, 0),
(5444, 43, 8, 0),
(5445, 44, 8, 0),
(5446, 45, 8, 0),
(5447, 46, 8, 0),
(5448, 47, 8, 0),
(5449, 48, 8, 0),
(5450, 49, 8, 0),
(5451, 0, 9, 2),
(5452, 1, 9, 2),
(5453, 2, 9, 2),
(5454, 3, 9, 0),
(5455, 4, 9, 0),
(5456, 5, 9, 0),
(5457, 6, 9, 0),
(5458, 7, 9, 0),
(5459, 8, 9, 1),
(5460, 9, 9, 0),
(5461, 10, 9, 0),
(5462, 11, 9, 0),
(5463, 12, 9, 0),
(5464, 13, 9, 1),
(5465, 14, 9, 0),
(5466, 15, 9, 0),
(5467, 16, 9, 0),
(5468, 17, 9, 0),
(5469, 18, 9, 0),
(5470, 19, 9, 0),
(5471, 20, 9, 2),
(5472, 21, 9, 2),
(5473, 22, 9, 0),
(5474, 23, 9, 0),
(5475, 24, 9, 0),
(5476, 25, 9, 0),
(5477, 26, 9, 1),
(5478, 27, 9, 0),
(5479, 28, 9, 0),
(5480, 29, 9, 0),
(5481, 30, 9, 0),
(5482, 31, 9, 1),
(5483, 32, 9, 0),
(5484, 33, 9, 0),
(5485, 34, 9, 2),
(5486, 35, 9, 2),
(5487, 36, 9, 2),
(5488, 37, 9, 0),
(5489, 38, 9, 0),
(5490, 39, 9, 1),
(5491, 40, 9, 0),
(5492, 41, 9, 0),
(5493, 42, 9, 0),
(5494, 43, 9, 1),
(5495, 44, 9, 0),
(5496, 45, 9, 0),
(5497, 46, 9, 0),
(5498, 47, 9, 1),
(5499, 48, 9, 0),
(5500, 49, 9, 0),
(5501, 0, 10, 2),
(5502, 1, 10, 2),
(5503, 2, 10, 2),
(5504, 3, 10, 0),
(5505, 4, 10, 0),
(5506, 5, 10, 0),
(5507, 6, 10, 0),
(5508, 7, 10, 0),
(5509, 8, 10, 0),
(5510, 9, 10, 0),
(5511, 10, 10, 0),
(5512, 11, 10, 0),
(5513, 12, 10, 0),
(5514, 13, 10, 0),
(5515, 14, 10, 0),
(5516, 15, 10, 0),
(5517, 16, 10, 0),
(5518, 17, 10, 0),
(5519, 18, 10, 0),
(5520, 19, 10, 0),
(5521, 20, 10, 2),
(5522, 21, 10, 2),
(5523, 22, 10, 2),
(5524, 23, 10, 2),
(5525, 24, 10, 4),
(5526, 25, 10, 0),
(5527, 26, 10, 0),
(5528, 27, 10, 0),
(5529, 28, 10, 0),
(5530, 29, 10, 0),
(5531, 30, 10, 0),
(5532, 31, 10, 2),
(5533, 32, 10, 2),
(5534, 33, 10, 2),
(5535, 34, 10, 2),
(5536, 35, 10, 2),
(5537, 36, 10, 2),
(5538, 37, 10, 0),
(5539, 38, 10, 0),
(5540, 39, 10, 0),
(5541, 40, 10, 0),
(5542, 41, 10, 0),
(5543, 42, 10, 0),
(5544, 43, 10, 0),
(5545, 44, 10, 0),
(5546, 45, 10, 0),
(5547, 46, 10, 0),
(5548, 47, 10, 0),
(5549, 48, 10, 0),
(5550, 49, 10, 0),
(5551, 0, 11, 2),
(5552, 1, 11, 2),
(5553, 2, 11, 2),
(5554, 3, 11, 0),
(5555, 4, 11, 0),
(5556, 5, 11, 0),
(5557, 6, 11, 0),
(5558, 7, 11, 0),
(5559, 8, 11, 0),
(5560, 9, 11, 0),
(5561, 10, 11, 0),
(5562, 11, 11, 0),
(5563, 12, 11, 0),
(5564, 13, 11, 0),
(5565, 14, 11, 0),
(5566, 15, 11, 0),
(5567, 16, 11, 0),
(5568, 17, 11, 0),
(5569, 18, 11, 0),
(5570, 19, 11, 1),
(5571, 20, 11, 0),
(5572, 21, 11, 0),
(5573, 22, 11, 0),
(5574, 23, 11, 0),
(5575, 24, 11, 0),
(5576, 25, 11, 0),
(5577, 26, 11, 1),
(5578, 27, 11, 0),
(5579, 28, 11, 0),
(5580, 29, 11, 0),
(5581, 30, 11, 0),
(5582, 31, 11, 0),
(5583, 32, 11, 0),
(5584, 33, 11, 0),
(5585, 34, 11, 0),
(5586, 35, 11, 0),
(5587, 36, 11, 0),
(5588, 37, 11, 0),
(5589, 38, 11, 0),
(5590, 39, 11, 0),
(5591, 40, 11, 0),
(5592, 41, 11, 0),
(5593, 42, 11, 0),
(5594, 43, 11, 0),
(5595, 44, 11, 0),
(5596, 45, 11, 0),
(5597, 46, 11, 0),
(5598, 47, 11, 4),
(5599, 48, 11, 2),
(5600, 49, 11, 2),
(5601, 0, 12, 2),
(5602, 1, 12, 2),
(5603, 2, 12, 2),
(5604, 3, 12, 0),
(5605, 4, 12, 0),
(5606, 5, 12, 0),
(5607, 6, 12, 1),
(5608, 7, 12, 0),
(5609, 8, 12, 0),
(5610, 9, 12, 0),
(5611, 10, 12, 0),
(5612, 11, 12, 0),
(5613, 12, 12, 0),
(5614, 13, 12, 1),
(5615, 14, 12, 0),
(5616, 15, 12, 0),
(5617, 16, 12, 0),
(5618, 17, 12, 0),
(5619, 18, 12, 0),
(5620, 19, 12, 0),
(5621, 20, 12, 0),
(5622, 21, 12, 0),
(5623, 22, 12, 0),
(5624, 23, 12, 0),
(5625, 24, 12, 0),
(5626, 25, 12, 0),
(5627, 26, 12, 0),
(5628, 27, 12, 1),
(5629, 28, 12, 0),
(5630, 29, 12, 0),
(5631, 30, 12, 0),
(5632, 31, 12, 0),
(5633, 32, 12, 0),
(5634, 33, 12, 0),
(5635, 34, 12, 0),
(5636, 35, 12, 0),
(5637, 36, 12, 0),
(5638, 37, 12, 0),
(5639, 38, 12, 1),
(5640, 39, 12, 0),
(5641, 40, 12, 0),
(5642, 41, 12, 0),
(5643, 42, 12, 1),
(5644, 43, 12, 0),
(5645, 44, 12, 0),
(5646, 45, 12, 0),
(5647, 46, 12, 0),
(5648, 47, 12, 2),
(5649, 48, 12, 2),
(5650, 49, 12, 2),
(5651, 0, 13, 2),
(5652, 1, 13, 2),
(5653, 2, 13, 2),
(5654, 3, 13, 0),
(5655, 4, 13, 0),
(5656, 5, 13, 0),
(5657, 6, 13, 0),
(5658, 7, 13, 0),
(5659, 8, 13, 0),
(5660, 9, 13, 0),
(5661, 10, 13, 0),
(5662, 11, 13, 0),
(5663, 12, 13, 0),
(5664, 13, 13, 0),
(5665, 14, 13, 0),
(5666, 15, 13, 0),
(5667, 16, 13, 0),
(5668, 17, 13, 0),
(5669, 18, 13, 0),
(5670, 19, 13, 1),
(5671, 20, 13, 0),
(5672, 21, 13, 0),
(5673, 22, 13, 0),
(5674, 23, 13, 0),
(5675, 24, 13, 0),
(5676, 25, 13, 0),
(5677, 26, 13, 1),
(5678, 27, 13, 0),
(5679, 28, 13, 0),
(5680, 29, 13, 0),
(5681, 30, 13, 0),
(5682, 31, 13, 0),
(5683, 32, 13, 0),
(5684, 33, 13, 0),
(5685, 34, 13, 0),
(5686, 35, 13, 0),
(5687, 36, 13, 0),
(5688, 37, 13, 0),
(5689, 38, 13, 0),
(5690, 39, 13, 0),
(5691, 40, 13, 0),
(5692, 41, 13, 0),
(5693, 42, 13, 0),
(5694, 43, 13, 0),
(5695, 44, 13, 0),
(5696, 45, 13, 0),
(5697, 46, 13, 0),
(5698, 47, 13, 2),
(5699, 48, 13, 2),
(5700, 49, 13, 2),
(5701, 0, 14, 2),
(5702, 1, 14, 2),
(5703, 2, 14, 2),
(5704, 3, 14, 0),
(5705, 4, 14, 0),
(5706, 5, 14, 0),
(5707, 6, 14, 1),
(5708, 7, 14, 0),
(5709, 8, 14, 0),
(5710, 9, 14, 0),
(5711, 10, 14, 0),
(5712, 11, 14, 0),
(5713, 12, 14, 0),
(5714, 13, 14, 1),
(5715, 14, 14, 0),
(5716, 15, 14, 0),
(5717, 16, 14, 0),
(5718, 17, 14, 0),
(5719, 18, 14, 0),
(5720, 19, 14, 0),
(5721, 20, 14, 0),
(5722, 21, 14, 0),
(5723, 22, 14, 0),
(5724, 23, 14, 0),
(5725, 24, 14, 0),
(5726, 25, 14, 0),
(5727, 26, 14, 0),
(5728, 27, 14, 0),
(5729, 28, 14, 0),
(5730, 29, 14, 0),
(5731, 30, 14, 0),
(5732, 31, 14, 0),
(5733, 32, 14, 0),
(5734, 33, 14, 0),
(5735, 34, 14, 4),
(5736, 35, 14, 2),
(5737, 36, 14, 2),
(5738, 37, 14, 2),
(5739, 38, 14, 2),
(5740, 39, 14, 2),
(5741, 40, 14, 2),
(5742, 41, 14, 0),
(5743, 42, 14, 0),
(5744, 43, 14, 0),
(5745, 44, 14, 0),
(5746, 45, 14, 0),
(5747, 46, 14, 0),
(5748, 47, 14, 2),
(5749, 48, 14, 2),
(5750, 49, 14, 2),
(5751, 0, 15, 0),
(5752, 1, 15, 0),
(5753, 2, 15, 0),
(5754, 3, 15, 0),
(5755, 4, 15, 0),
(5756, 5, 15, 0),
(5757, 6, 15, 0),
(5758, 7, 15, 0),
(5759, 8, 15, 0),
(5760, 9, 15, 0),
(5761, 10, 15, 0),
(5762, 11, 15, 0),
(5763, 12, 15, 0),
(5764, 13, 15, 0),
(5765, 14, 15, 0),
(5766, 15, 15, 0),
(5767, 16, 15, 0),
(5768, 17, 15, 0),
(5769, 18, 15, 0),
(5770, 19, 15, 1),
(5771, 20, 15, 0),
(5772, 21, 15, 0),
(5773, 22, 15, 0),
(5774, 23, 15, 0),
(5775, 24, 15, 0),
(5776, 25, 15, 0),
(5777, 26, 15, 1),
(5778, 27, 15, 0),
(5779, 28, 15, 0),
(5780, 29, 15, 0),
(5781, 30, 15, 0),
(5782, 31, 15, 0),
(5783, 32, 15, 0),
(5784, 33, 15, 0),
(5785, 34, 15, 2),
(5786, 35, 15, 2),
(5787, 36, 15, 2),
(5788, 37, 15, 2),
(5789, 38, 15, 2),
(5790, 39, 15, 2),
(5791, 40, 15, 2),
(5792, 41, 15, 0),
(5793, 42, 15, 0),
(5794, 43, 15, 0),
(5795, 44, 15, 0),
(5796, 45, 15, 0),
(5797, 46, 15, 0),
(5798, 47, 15, 2),
(5799, 48, 15, 2),
(5800, 49, 15, 2),
(5801, 0, 16, 2),
(5802, 1, 16, 2),
(5803, 2, 16, 4),
(5804, 3, 16, 0),
(5805, 4, 16, 0),
(5806, 5, 16, 0),
(5807, 6, 16, 1),
(5808, 7, 16, 0),
(5809, 8, 16, 0),
(5810, 9, 16, 0),
(5811, 10, 16, 0),
(5812, 11, 16, 0),
(5813, 12, 16, 0),
(5814, 13, 16, 0),
(5815, 14, 16, 0),
(5816, 15, 16, 0),
(5817, 16, 16, 0),
(5818, 17, 16, 0),
(5819, 18, 16, 0),
(5820, 19, 16, 0),
(5821, 20, 16, 0),
(5822, 21, 16, 0),
(5823, 22, 16, 0),
(5824, 23, 16, 0),
(5825, 24, 16, 0),
(5826, 25, 16, 0),
(5827, 26, 16, 0),
(5828, 27, 16, 0),
(5829, 28, 16, 0),
(5830, 29, 16, 0),
(5831, 30, 16, 0),
(5832, 31, 16, 0),
(5833, 32, 16, 0),
(5834, 33, 16, 0),
(5835, 34, 16, 2),
(5836, 35, 16, 2),
(5837, 36, 16, 2),
(5838, 37, 16, 2),
(5839, 38, 16, 2),
(5840, 39, 16, 2),
(5841, 40, 16, 2),
(5842, 41, 16, 0),
(5843, 42, 16, 0),
(5844, 43, 16, 0),
(5845, 44, 16, 0),
(5846, 45, 16, 0),
(5847, 46, 16, 0),
(5848, 47, 16, 2),
(5849, 48, 16, 2),
(5850, 49, 16, 2),
(5851, 0, 17, 2),
(5852, 1, 17, 2),
(5853, 2, 17, 2),
(5854, 3, 17, 0),
(5855, 4, 17, 0),
(5856, 5, 17, 0),
(5857, 6, 17, 0),
(5858, 7, 17, 0),
(5859, 8, 17, 0),
(5860, 9, 17, 0),
(5861, 10, 17, 0),
(5862, 11, 17, 0),
(5863, 12, 17, 0),
(5864, 13, 17, 0),
(5865, 14, 17, 0),
(5866, 15, 17, 0),
(5867, 16, 17, 0),
(5868, 17, 17, 0),
(5869, 18, 17, 0),
(5870, 19, 17, 1),
(5871, 20, 17, 0),
(5872, 21, 17, 0),
(5873, 22, 17, 0),
(5874, 23, 17, 0),
(5875, 24, 17, 0),
(5876, 25, 17, 0),
(5877, 26, 17, 1),
(5878, 27, 17, 0),
(5879, 28, 17, 0),
(5880, 29, 17, 0),
(5881, 30, 17, 0),
(5882, 31, 17, 0),
(5883, 32, 17, 0),
(5884, 33, 17, 0),
(5885, 34, 17, 2),
(5886, 35, 17, 2),
(5887, 36, 17, 2),
(5888, 37, 17, 2),
(5889, 38, 17, 2),
(5890, 39, 17, 2),
(5891, 40, 17, 2),
(5892, 41, 17, 0),
(5893, 42, 17, 0),
(5894, 43, 17, 0),
(5895, 44, 17, 0),
(5896, 45, 17, 0),
(5897, 46, 17, 0),
(5898, 47, 17, 2),
(5899, 48, 17, 2),
(5900, 49, 17, 2),
(5901, 0, 18, 2),
(5902, 1, 18, 2),
(5903, 2, 18, 2),
(5904, 3, 18, 0),
(5905, 4, 18, 0),
(5906, 5, 18, 0),
(5907, 6, 18, 1),
(5908, 7, 18, 0),
(5909, 8, 18, 0),
(5910, 9, 18, 0),
(5911, 10, 18, 0),
(5912, 11, 18, 0),
(5913, 12, 18, 0),
(5914, 13, 18, 0),
(5915, 14, 18, 2),
(5916, 15, 18, 2),
(5917, 16, 18, 4),
(5918, 17, 18, 0),
(5919, 18, 18, 0),
(5920, 19, 18, 0),
(5921, 20, 18, 0),
(5922, 21, 18, 0),
(5923, 22, 18, 0),
(5924, 23, 18, 0),
(5925, 24, 18, 0),
(5926, 25, 18, 0),
(5927, 26, 18, 0),
(5928, 27, 18, 0),
(5929, 28, 18, 0),
(5930, 29, 18, 0),
(5931, 30, 18, 0),
(5932, 31, 18, 0),
(5933, 32, 18, 0),
(5934, 33, 18, 0),
(5935, 34, 18, 2),
(5936, 35, 18, 2),
(5937, 36, 18, 2),
(5938, 37, 18, 2),
(5939, 38, 18, 2),
(5940, 39, 18, 2),
(5941, 40, 18, 4),
(5942, 41, 18, 0),
(5943, 42, 18, 0),
(5944, 43, 18, 0),
(5945, 44, 18, 0),
(5946, 45, 18, 0),
(5947, 46, 18, 0),
(5948, 47, 18, 4),
(5949, 48, 18, 2),
(5950, 49, 18, 2),
(5951, 0, 19, 0),
(5952, 1, 19, 0),
(5953, 2, 19, 0),
(5954, 3, 19, 0),
(5955, 4, 19, 0),
(5956, 5, 19, 0),
(5957, 6, 19, 0),
(5958, 7, 19, 0),
(5959, 8, 19, 0),
(5960, 9, 19, 0),
(5961, 10, 19, 0),
(5962, 11, 19, 0),
(5963, 12, 19, 0),
(5964, 13, 19, 0),
(5965, 14, 19, 2),
(5966, 15, 19, 2),
(5967, 16, 19, 2),
(5968, 17, 19, 0),
(5969, 18, 19, 0),
(5970, 19, 19, 1),
(5971, 20, 19, 0),
(5972, 21, 19, 0),
(5973, 22, 19, 0),
(5974, 23, 19, 0),
(5975, 24, 19, 0),
(5976, 25, 19, 0),
(5977, 26, 19, 1),
(5978, 27, 19, 0),
(5979, 28, 19, 0),
(5980, 29, 19, 0),
(5981, 30, 19, 0),
(5982, 31, 19, 0),
(5983, 32, 19, 0),
(5984, 33, 19, 0),
(5985, 34, 19, 0),
(5986, 35, 19, 0),
(5987, 36, 19, 0),
(5988, 37, 19, 0),
(5989, 38, 19, 0),
(5990, 39, 19, 0),
(5991, 40, 19, 0),
(5992, 41, 19, 0),
(5993, 42, 19, 0),
(5994, 43, 19, 0),
(5995, 44, 19, 0),
(5996, 45, 19, 0),
(5997, 46, 19, 0),
(5998, 47, 19, 2),
(5999, 48, 19, 2),
(6000, 49, 19, 2),
(6001, 0, 20, 0),
(6002, 1, 20, 0),
(6003, 2, 20, 0),
(6004, 3, 20, 0),
(6005, 4, 20, 0),
(6006, 5, 20, 0),
(6007, 6, 20, 0),
(6008, 7, 20, 0),
(6009, 8, 20, 0),
(6010, 9, 20, 0),
(6011, 10, 20, 0),
(6012, 11, 20, 0),
(6013, 12, 20, 0),
(6014, 13, 20, 0),
(6015, 14, 20, 2),
(6016, 15, 20, 2),
(6017, 16, 20, 2),
(6018, 17, 20, 0),
(6019, 18, 20, 0),
(6020, 19, 20, 0),
(6021, 20, 20, 0),
(6022, 21, 20, 0),
(6023, 22, 20, 0),
(6024, 23, 20, 0),
(6025, 24, 20, 0),
(6026, 25, 20, 0),
(6027, 26, 20, 0),
(6028, 27, 20, 0),
(6029, 28, 20, 0),
(6030, 29, 20, 0),
(6031, 30, 20, 0),
(6032, 31, 20, 0),
(6033, 32, 20, 0),
(6034, 33, 20, 0),
(6035, 34, 20, 1),
(6036, 35, 20, 0),
(6037, 36, 20, 0),
(6038, 37, 20, 0),
(6039, 38, 20, 0),
(6040, 39, 20, 0),
(6041, 40, 20, 0),
(6042, 41, 20, 0),
(6043, 42, 20, 0),
(6044, 43, 20, 1),
(6045, 44, 20, 0),
(6046, 45, 20, 0),
(6047, 46, 20, 0),
(6048, 47, 20, 2),
(6049, 48, 20, 2),
(6050, 49, 20, 2),
(6051, 0, 21, 0),
(6052, 1, 21, 0),
(6053, 2, 21, 0),
(6054, 3, 21, 0),
(6055, 4, 21, 0),
(6056, 5, 21, 0),
(6057, 6, 21, 0),
(6058, 7, 21, 0),
(6059, 8, 21, 0),
(6060, 9, 21, 0),
(6061, 10, 21, 0),
(6062, 11, 21, 0),
(6063, 12, 21, 0),
(6064, 13, 21, 0),
(6065, 14, 21, 0),
(6066, 15, 21, 0),
(6067, 16, 21, 0),
(6068, 17, 21, 0),
(6069, 18, 21, 0),
(6070, 19, 21, 1),
(6071, 20, 21, 0),
(6072, 21, 21, 0),
(6073, 22, 21, 0),
(6074, 23, 21, 0),
(6075, 24, 21, 0),
(6076, 25, 21, 0),
(6077, 26, 21, 1),
(6078, 27, 21, 0),
(6079, 28, 21, 0),
(6080, 29, 21, 0),
(6081, 30, 21, 0),
(6082, 31, 21, 0),
(6083, 32, 21, 0),
(6084, 33, 21, 0),
(6085, 34, 21, 0),
(6086, 35, 21, 0),
(6087, 36, 21, 0),
(6088, 37, 21, 0),
(6089, 38, 21, 0),
(6090, 39, 21, 0),
(6091, 40, 21, 0),
(6092, 41, 21, 0),
(6093, 42, 21, 0),
(6094, 43, 21, 0),
(6095, 44, 21, 0),
(6096, 45, 21, 0),
(6097, 46, 21, 0),
(6098, 47, 21, 2),
(6099, 48, 21, 2),
(6100, 49, 21, 2),
(6101, 0, 22, 0),
(6102, 1, 22, 0),
(6103, 2, 22, 0),
(6104, 3, 22, 0),
(6105, 4, 22, 0),
(6106, 5, 22, 0),
(6107, 6, 22, 2),
(6108, 7, 22, 2),
(6109, 8, 22, 2),
(6110, 9, 22, 2),
(6111, 10, 22, 2),
(6112, 11, 22, 2),
(6113, 12, 22, 2),
(6114, 13, 22, 2),
(6115, 14, 22, 2),
(6116, 15, 22, 2),
(6117, 16, 22, 2),
(6118, 17, 22, 2),
(6119, 18, 22, 2),
(6120, 19, 22, 2),
(6121, 20, 22, 2),
(6122, 21, 22, 2),
(6123, 22, 22, 2),
(6124, 23, 22, 2),
(6125, 24, 22, 2),
(6126, 25, 22, 2),
(6127, 26, 22, 2),
(6128, 27, 22, 2),
(6129, 28, 22, 2),
(6130, 29, 22, 2),
(6131, 30, 22, 2),
(6132, 31, 22, 2),
(6133, 32, 22, 4),
(6134, 33, 22, 0),
(6135, 34, 22, 1),
(6136, 35, 22, 0),
(6137, 36, 22, 0),
(6138, 37, 22, 0),
(6139, 38, 22, 0),
(6140, 39, 22, 0),
(6141, 40, 22, 0),
(6142, 41, 22, 0),
(6143, 42, 22, 0),
(6144, 43, 22, 1),
(6145, 44, 22, 0),
(6146, 45, 22, 0),
(6147, 46, 22, 0),
(6148, 47, 22, 2),
(6149, 48, 22, 2),
(6150, 49, 22, 2),
(6151, 0, 23, 0),
(6152, 1, 23, 0),
(6153, 2, 23, 0),
(6154, 3, 23, 0),
(6155, 4, 23, 0),
(6156, 5, 23, 0),
(6157, 6, 23, 0),
(6158, 7, 23, 0),
(6159, 8, 23, 0),
(6160, 9, 23, 0),
(6161, 10, 23, 0),
(6162, 11, 23, 0),
(6163, 12, 23, 0),
(6164, 13, 23, 0),
(6165, 14, 23, 0),
(6166, 15, 23, 0),
(6167, 16, 23, 0),
(6168, 17, 23, 0),
(6169, 18, 23, 0),
(6170, 19, 23, 1),
(6171, 20, 23, 0),
(6172, 21, 23, 0),
(6173, 22, 23, 0),
(6174, 23, 23, 0),
(6175, 24, 23, 0),
(6176, 25, 23, 0),
(6177, 26, 23, 1),
(6178, 27, 23, 0),
(6179, 28, 23, 0),
(6180, 29, 23, 0),
(6181, 30, 23, 0),
(6182, 31, 23, 0),
(6183, 32, 23, 0),
(6184, 33, 23, 0),
(6185, 34, 23, 0),
(6186, 35, 23, 0),
(6187, 36, 23, 0),
(6188, 37, 23, 0),
(6189, 38, 23, 0),
(6190, 39, 23, 0),
(6191, 40, 23, 0),
(6192, 41, 23, 0),
(6193, 42, 23, 0),
(6194, 43, 23, 0),
(6195, 44, 23, 0),
(6196, 45, 23, 0),
(6197, 46, 23, 0),
(6198, 47, 23, 0),
(6199, 48, 23, 0),
(6200, 49, 23, 0),
(6201, 0, 24, 2),
(6202, 1, 24, 2),
(6203, 2, 24, 4),
(6204, 3, 24, 0),
(6205, 4, 24, 0),
(6206, 5, 24, 0),
(6207, 6, 24, 0),
(6208, 7, 24, 1),
(6209, 8, 24, 0),
(6210, 9, 24, 0),
(6211, 10, 24, 0),
(6212, 11, 24, 0),
(6213, 12, 24, 0),
(6214, 13, 24, 1),
(6215, 14, 24, 0),
(6216, 15, 24, 0),
(6217, 16, 24, 0),
(6218, 17, 24, 0),
(6219, 18, 24, 0),
(6220, 19, 24, 0),
(6221, 20, 24, 0),
(6222, 21, 24, 0),
(6223, 22, 24, 0),
(6224, 23, 24, 0),
(6225, 24, 24, 0),
(6226, 25, 24, 0),
(6227, 26, 24, 0),
(6228, 27, 24, 0),
(6229, 28, 24, 0),
(6230, 29, 24, 0),
(6231, 30, 24, 0),
(6232, 31, 24, 0),
(6233, 32, 24, 0),
(6234, 33, 24, 0),
(6235, 34, 24, 1),
(6236, 35, 24, 0),
(6237, 36, 24, 0),
(6238, 37, 24, 0),
(6239, 38, 24, 0),
(6240, 39, 24, 0),
(6241, 40, 24, 0),
(6242, 41, 24, 0),
(6243, 42, 24, 0),
(6244, 43, 24, 1),
(6245, 44, 24, 0),
(6246, 45, 24, 0),
(6247, 46, 24, 0),
(6248, 47, 24, 0),
(6249, 48, 24, 0),
(6250, 49, 24, 0),
(6251, 0, 25, 2),
(6252, 1, 25, 2),
(6253, 2, 25, 2),
(6254, 3, 25, 0),
(6255, 4, 25, 0),
(6256, 5, 25, 0),
(6257, 6, 25, 0),
(6258, 7, 25, 0),
(6259, 8, 25, 0),
(6260, 9, 25, 0),
(6261, 10, 25, 0),
(6262, 11, 25, 0),
(6263, 12, 25, 0),
(6264, 13, 25, 0),
(6265, 14, 25, 0),
(6266, 15, 25, 0),
(6267, 16, 25, 0),
(6268, 17, 25, 0),
(6269, 18, 25, 0),
(6270, 19, 25, 1),
(6271, 20, 25, 0),
(6272, 21, 25, 0),
(6273, 22, 25, 0),
(6274, 23, 25, 0),
(6275, 24, 25, 0),
(6276, 25, 25, 0),
(6277, 26, 25, 1),
(6278, 27, 25, 0),
(6279, 28, 25, 0),
(6280, 29, 25, 0),
(6281, 30, 25, 0),
(6282, 31, 25, 0),
(6283, 32, 25, 0),
(6284, 33, 25, 0),
(6285, 34, 25, 0),
(6286, 35, 25, 0),
(6287, 36, 25, 0),
(6288, 37, 25, 0),
(6289, 38, 25, 0),
(6290, 39, 25, 0),
(6291, 40, 25, 0),
(6292, 41, 25, 0),
(6293, 42, 25, 0),
(6294, 43, 25, 0),
(6295, 44, 25, 0),
(6296, 45, 25, 0),
(6297, 46, 25, 0),
(6298, 47, 25, 0),
(6299, 48, 25, 0),
(6300, 49, 25, 0),
(6301, 0, 26, 2),
(6302, 1, 26, 2),
(6303, 2, 26, 2),
(6304, 3, 26, 0),
(6305, 4, 26, 0),
(6306, 5, 26, 0),
(6307, 6, 26, 0),
(6308, 7, 26, 0),
(6309, 8, 26, 0),
(6310, 9, 26, 0),
(6311, 10, 26, 0),
(6312, 11, 26, 0),
(6313, 12, 26, 0),
(6314, 13, 26, 0),
(6315, 14, 26, 0),
(6316, 15, 26, 0),
(6317, 16, 26, 0),
(6318, 17, 26, 0),
(6319, 18, 26, 0),
(6320, 19, 26, 0),
(6321, 20, 26, 0),
(6322, 21, 26, 0),
(6323, 22, 26, 0),
(6324, 23, 26, 0),
(6325, 24, 26, 0),
(6326, 25, 26, 0),
(6327, 26, 26, 0),
(6328, 27, 26, 0),
(6329, 28, 26, 0),
(6330, 29, 26, 0),
(6331, 30, 26, 0),
(6332, 31, 26, 0),
(6333, 32, 26, 0),
(6334, 33, 26, 0),
(6335, 34, 26, 0),
(6336, 35, 26, 2),
(6337, 36, 26, 2),
(6338, 37, 26, 2),
(6339, 38, 26, 0),
(6340, 39, 26, 0),
(6341, 40, 26, 1),
(6342, 41, 26, 0),
(6343, 42, 26, 0),
(6344, 43, 26, 0),
(6345, 44, 26, 1),
(6346, 45, 26, 0),
(6347, 46, 26, 0),
(6348, 47, 26, 4),
(6349, 48, 26, 2),
(6350, 49, 26, 2),
(6351, 0, 27, 2),
(6352, 1, 27, 2),
(6353, 2, 27, 2),
(6354, 3, 27, 0),
(6355, 4, 27, 0),
(6356, 5, 27, 0),
(6357, 6, 27, 0),
(6358, 7, 27, 1),
(6359, 8, 27, 0),
(6360, 9, 27, 0),
(6361, 10, 27, 0),
(6362, 11, 27, 0),
(6363, 12, 27, 0),
(6364, 13, 27, 1),
(6365, 14, 27, 0),
(6366, 15, 27, 0),
(6367, 16, 27, 0),
(6368, 17, 27, 0),
(6369, 18, 27, 0),
(6370, 19, 27, 1),
(6371, 20, 27, 0),
(6372, 21, 27, 0),
(6373, 22, 27, 0),
(6374, 23, 27, 0),
(6375, 24, 27, 0),
(6376, 25, 27, 0),
(6377, 26, 27, 1),
(6378, 27, 27, 0),
(6379, 28, 27, 0),
(6380, 29, 27, 0),
(6381, 30, 27, 0),
(6382, 31, 27, 0),
(6383, 32, 27, 0),
(6384, 33, 27, 0),
(6385, 34, 27, 0),
(6386, 35, 27, 2),
(6387, 36, 27, 2),
(6388, 37, 27, 2),
(6389, 38, 27, 0),
(6390, 39, 27, 0),
(6391, 40, 27, 0),
(6392, 41, 27, 0),
(6393, 42, 27, 0),
(6394, 43, 27, 0),
(6395, 44, 27, 0),
(6396, 45, 27, 0),
(6397, 46, 27, 0),
(6398, 47, 27, 2),
(6399, 48, 27, 2),
(6400, 49, 27, 2),
(6401, 0, 28, 2),
(6402, 1, 28, 2),
(6403, 2, 28, 2),
(6404, 3, 28, 0),
(6405, 4, 28, 0),
(6406, 5, 28, 0),
(6407, 6, 28, 0),
(6408, 7, 28, 0),
(6409, 8, 28, 0),
(6410, 9, 28, 0),
(6411, 10, 28, 0),
(6412, 11, 28, 0),
(6413, 12, 28, 4),
(6414, 13, 28, 2),
(6415, 14, 28, 2),
(6416, 15, 28, 2),
(6417, 16, 28, 2),
(6418, 17, 28, 2),
(6419, 18, 28, 0),
(6420, 19, 28, 0),
(6421, 20, 28, 0),
(6422, 21, 28, 0),
(6423, 22, 28, 0),
(6424, 23, 28, 0),
(6425, 24, 28, 0),
(6426, 25, 28, 0),
(6427, 26, 28, 4),
(6428, 27, 28, 2),
(6429, 28, 28, 2),
(6430, 29, 28, 2),
(6431, 30, 28, 0),
(6432, 31, 28, 0),
(6433, 32, 28, 1),
(6434, 33, 28, 0),
(6435, 34, 28, 0),
(6436, 35, 28, 2),
(6437, 36, 28, 2),
(6438, 37, 28, 2),
(6439, 38, 28, 0),
(6440, 39, 28, 0),
(6441, 40, 28, 0),
(6442, 41, 28, 0),
(6443, 42, 28, 0),
(6444, 43, 28, 0),
(6445, 44, 28, 0),
(6446, 45, 28, 0),
(6447, 46, 28, 0),
(6448, 47, 28, 2),
(6449, 48, 28, 2),
(6450, 49, 28, 2),
(6451, 0, 29, 2),
(6452, 1, 29, 2),
(6453, 2, 29, 2),
(6454, 3, 29, 0),
(6455, 4, 29, 0),
(6456, 5, 29, 0),
(6457, 6, 29, 0),
(6458, 7, 29, 0),
(6459, 8, 29, 0),
(6460, 9, 29, 0),
(6461, 10, 29, 0),
(6462, 11, 29, 0),
(6463, 12, 29, 2),
(6464, 13, 29, 2),
(6465, 14, 29, 2),
(6466, 15, 29, 2),
(6467, 16, 29, 2),
(6468, 17, 29, 2),
(6469, 18, 29, 0),
(6470, 19, 29, 0),
(6471, 20, 29, 0),
(6472, 21, 29, 0),
(6473, 22, 29, 0),
(6474, 23, 29, 0),
(6475, 24, 29, 0),
(6476, 25, 29, 0),
(6477, 26, 29, 2),
(6478, 27, 29, 2),
(6479, 28, 29, 2),
(6480, 29, 29, 2),
(6481, 30, 29, 0),
(6482, 31, 29, 0),
(6483, 32, 29, 0),
(6484, 33, 29, 0),
(6485, 34, 29, 0),
(6486, 35, 29, 2),
(6487, 36, 29, 2),
(6488, 37, 29, 2),
(6489, 38, 29, 0),
(6490, 39, 29, 0),
(6491, 40, 29, 1),
(6492, 41, 29, 0),
(6493, 42, 29, 0),
(6494, 43, 29, 0),
(6495, 44, 29, 1),
(6496, 45, 29, 0),
(6497, 46, 29, 0),
(6498, 47, 29, 2),
(6499, 48, 29, 2),
(6500, 49, 29, 2),
(6501, 0, 30, 2),
(6502, 1, 30, 2),
(6503, 2, 30, 2),
(6504, 3, 30, 0),
(6505, 4, 30, 0),
(6506, 5, 30, 0),
(6507, 6, 30, 0),
(6508, 7, 30, 1),
(6509, 8, 30, 0),
(6510, 9, 30, 0),
(6511, 10, 30, 0),
(6512, 11, 30, 0),
(6513, 12, 30, 0),
(6514, 13, 30, 1),
(6515, 14, 30, 0),
(6516, 15, 30, 0),
(6517, 16, 30, 0),
(6518, 17, 30, 0),
(6519, 18, 30, 0),
(6520, 19, 30, 0),
(6521, 20, 30, 0),
(6522, 21, 30, 0),
(6523, 22, 30, 0),
(6524, 23, 30, 0),
(6525, 24, 30, 0),
(6526, 25, 30, 0),
(6527, 26, 30, 0),
(6528, 27, 30, 0),
(6529, 28, 30, 0),
(6530, 29, 30, 0),
(6531, 30, 30, 0),
(6532, 31, 30, 0),
(6533, 32, 30, 0),
(6534, 33, 30, 0),
(6535, 34, 30, 0),
(6536, 35, 30, 2),
(6537, 36, 30, 2),
(6538, 37, 30, 2),
(6539, 38, 30, 0),
(6540, 39, 30, 0),
(6541, 40, 30, 0),
(6542, 41, 30, 0),
(6543, 42, 30, 0),
(6544, 43, 30, 0),
(6545, 44, 30, 0),
(6546, 45, 30, 0),
(6547, 46, 30, 0),
(6548, 47, 30, 2),
(6549, 48, 30, 2),
(6550, 49, 30, 2),
(6551, 0, 31, 2),
(6552, 1, 31, 2),
(6553, 2, 31, 2),
(6554, 3, 31, 0),
(6555, 4, 31, 0),
(6556, 5, 31, 0),
(6557, 6, 31, 0),
(6558, 7, 31, 0),
(6559, 8, 31, 0),
(6560, 9, 31, 0),
(6561, 10, 31, 0),
(6562, 11, 31, 0),
(6563, 12, 31, 0),
(6564, 13, 31, 0),
(6565, 14, 31, 0),
(6566, 15, 31, 0),
(6567, 16, 31, 0),
(6568, 17, 31, 0),
(6569, 18, 31, 0),
(6570, 19, 31, 1),
(6571, 20, 31, 0),
(6572, 21, 31, 0),
(6573, 22, 31, 0),
(6574, 23, 31, 0),
(6575, 24, 31, 0),
(6576, 25, 31, 0),
(6577, 26, 31, 1),
(6578, 27, 31, 0),
(6579, 28, 31, 0),
(6580, 29, 31, 0),
(6581, 30, 31, 0),
(6582, 31, 31, 0),
(6583, 32, 31, 1),
(6584, 33, 31, 0),
(6585, 34, 31, 0),
(6586, 35, 31, 2),
(6587, 36, 31, 2),
(6588, 37, 31, 2),
(6589, 38, 31, 0),
(6590, 39, 31, 0),
(6591, 40, 31, 0),
(6592, 41, 31, 0),
(6593, 42, 31, 0),
(6594, 43, 31, 0),
(6595, 44, 31, 0),
(6596, 45, 31, 0),
(6597, 46, 31, 0),
(6598, 47, 31, 2),
(6599, 48, 31, 2),
(6600, 49, 31, 2),
(6601, 0, 32, 2),
(6602, 1, 32, 2),
(6603, 2, 32, 2),
(6604, 3, 32, 0),
(6605, 4, 32, 0),
(6606, 5, 32, 0),
(6607, 6, 32, 0),
(6608, 7, 32, 0),
(6609, 8, 32, 0),
(6610, 9, 32, 0),
(6611, 10, 32, 0),
(6612, 11, 32, 0),
(6613, 12, 32, 0),
(6614, 13, 32, 0),
(6615, 14, 32, 0),
(6616, 15, 32, 0),
(6617, 16, 32, 0),
(6618, 17, 32, 0),
(6619, 18, 32, 0),
(6620, 19, 32, 0),
(6621, 20, 32, 0),
(6622, 21, 32, 0),
(6623, 22, 32, 0),
(6624, 23, 32, 0),
(6625, 24, 32, 0),
(6626, 25, 32, 0),
(6627, 26, 32, 0),
(6628, 27, 32, 0),
(6629, 28, 32, 0),
(6630, 29, 32, 0),
(6631, 30, 32, 0),
(6632, 31, 32, 0),
(6633, 32, 32, 0),
(6634, 33, 32, 0),
(6635, 34, 32, 0),
(6636, 35, 32, 2),
(6637, 36, 32, 2),
(6638, 37, 32, 2),
(6639, 38, 32, 0),
(6640, 39, 32, 0),
(6641, 40, 32, 1),
(6642, 41, 32, 0),
(6643, 42, 32, 0),
(6644, 43, 32, 0),
(6645, 44, 32, 1),
(6646, 45, 32, 0),
(6647, 46, 32, 0),
(6648, 47, 32, 2),
(6649, 48, 32, 2),
(6650, 49, 32, 2),
(6651, 0, 33, 2),
(6652, 1, 33, 2),
(6653, 2, 33, 2),
(6654, 3, 33, 0),
(6655, 4, 33, 0),
(6656, 5, 33, 0),
(6657, 6, 33, 0),
(6658, 7, 33, 1),
(6659, 8, 33, 0),
(6660, 9, 33, 0),
(6661, 10, 33, 0),
(6662, 11, 33, 0),
(6663, 12, 33, 0),
(6664, 13, 33, 1),
(6665, 14, 33, 0),
(6666, 15, 33, 0),
(6667, 16, 33, 0),
(6668, 17, 33, 0),
(6669, 18, 33, 0),
(6670, 19, 33, 1),
(6671, 20, 33, 0),
(6672, 21, 33, 0),
(6673, 22, 33, 0),
(6674, 23, 33, 0),
(6675, 24, 33, 0),
(6676, 25, 33, 0),
(6677, 26, 33, 1),
(6678, 27, 33, 0),
(6679, 28, 33, 0),
(6680, 29, 33, 0),
(6681, 30, 33, 0),
(6682, 31, 33, 0),
(6683, 32, 33, 1),
(6684, 33, 33, 0),
(6685, 34, 33, 0),
(6686, 35, 33, 2),
(6687, 36, 33, 2),
(6688, 37, 33, 2),
(6689, 38, 33, 0),
(6690, 39, 33, 0),
(6691, 40, 33, 0),
(6692, 41, 33, 0),
(6693, 42, 33, 0),
(6694, 43, 33, 0),
(6695, 44, 33, 0),
(6696, 45, 33, 0),
(6697, 46, 33, 0),
(6698, 47, 33, 2),
(6699, 48, 33, 2),
(6700, 49, 33, 2),
(6701, 0, 34, 2),
(6702, 1, 34, 2),
(6703, 2, 34, 2),
(6704, 3, 34, 2),
(6705, 4, 34, 2),
(6706, 5, 34, 2),
(6707, 6, 34, 2),
(6708, 7, 34, 2),
(6709, 8, 34, 2),
(6710, 9, 34, 2),
(6711, 10, 34, 2),
(6712, 11, 34, 2),
(6713, 12, 34, 2),
(6714, 13, 34, 2),
(6715, 14, 34, 2),
(6716, 15, 34, 2),
(6717, 16, 34, 2),
(6718, 17, 34, 2),
(6719, 18, 34, 2),
(6720, 19, 34, 2),
(6721, 20, 34, 2),
(6722, 21, 34, 2),
(6723, 22, 34, 2),
(6724, 23, 34, 2),
(6725, 24, 34, 0),
(6726, 25, 34, 0),
(6727, 26, 34, 0),
(6728, 27, 34, 0),
(6729, 28, 34, 0),
(6730, 29, 34, 0),
(6731, 30, 34, 0),
(6732, 31, 34, 0),
(6733, 32, 34, 0),
(6734, 33, 34, 0),
(6735, 34, 34, 0),
(6736, 35, 34, 4),
(6737, 36, 34, 2),
(6738, 37, 34, 2),
(6739, 38, 34, 0),
(6740, 39, 34, 0),
(6741, 40, 34, 1),
(6742, 41, 34, 0),
(6743, 42, 34, 0),
(6744, 43, 34, 0),
(6745, 44, 34, 1),
(6746, 45, 34, 0),
(6747, 46, 34, 0),
(6748, 47, 34, 2),
(6749, 48, 34, 2),
(6750, 49, 34, 2),
(6751, 0, 35, 2),
(6752, 1, 35, 2),
(6753, 2, 35, 2),
(6754, 3, 35, 2),
(6755, 4, 35, 2),
(6756, 5, 35, 2),
(6757, 6, 35, 2),
(6758, 7, 35, 2),
(6759, 8, 35, 2),
(6760, 9, 35, 2),
(6761, 10, 35, 2),
(6762, 11, 35, 2),
(6763, 12, 35, 2),
(6764, 13, 35, 2),
(6765, 14, 35, 2),
(6766, 15, 35, 2),
(6767, 16, 35, 2),
(6768, 17, 35, 2),
(6769, 18, 35, 2),
(6770, 19, 35, 2),
(6771, 20, 35, 2),
(6772, 21, 35, 2),
(6773, 22, 35, 2),
(6774, 23, 35, 2),
(6775, 24, 35, 0),
(6776, 25, 35, 0),
(6777, 26, 35, 0),
(6778, 27, 35, 0),
(6779, 28, 35, 0),
(6780, 29, 35, 2),
(6781, 30, 35, 2),
(6782, 31, 35, 2),
(6783, 32, 35, 0),
(6784, 33, 35, 0),
(6785, 34, 35, 0),
(6786, 35, 35, 0),
(6787, 36, 35, 0),
(6788, 37, 35, 0),
(6789, 38, 35, 0),
(6790, 39, 35, 0),
(6791, 40, 35, 0),
(6792, 41, 35, 0),
(6793, 42, 35, 0),
(6794, 43, 35, 1),
(6795, 44, 35, 0),
(6796, 45, 35, 0),
(6797, 46, 35, 0),
(6798, 47, 35, 2),
(6799, 48, 35, 2),
(6800, 49, 35, 2),
(6801, 0, 36, 2),
(6802, 1, 36, 2),
(6803, 2, 36, 2),
(6804, 3, 36, 2),
(6805, 4, 36, 2),
(6806, 5, 36, 2),
(6807, 6, 36, 2),
(6808, 7, 36, 2),
(6809, 8, 36, 2),
(6810, 9, 36, 2),
(6811, 10, 36, 2),
(6812, 11, 36, 2),
(6813, 12, 36, 2),
(6814, 13, 36, 2),
(6815, 14, 36, 2),
(6816, 15, 36, 2),
(6817, 16, 36, 2),
(6818, 17, 36, 2),
(6819, 18, 36, 2),
(6820, 19, 36, 2),
(6821, 20, 36, 2),
(6822, 21, 36, 4),
(6823, 22, 36, 2),
(6824, 23, 36, 2),
(6825, 24, 36, 0),
(6826, 25, 36, 0),
(6827, 26, 36, 0),
(6828, 27, 36, 0),
(6829, 28, 36, 0),
(6830, 29, 36, 2),
(6831, 30, 36, 2),
(6832, 31, 36, 2),
(6833, 32, 36, 0),
(6834, 33, 36, 0),
(6835, 34, 36, 0),
(6836, 35, 36, 0),
(6837, 36, 36, 0),
(6838, 37, 36, 0),
(6839, 38, 36, 0),
(6840, 39, 36, 0),
(6841, 40, 36, 0),
(6842, 41, 36, 0),
(6843, 42, 36, 0),
(6844, 43, 36, 0),
(6845, 44, 36, 0),
(6846, 45, 36, 0),
(6847, 46, 36, 0),
(6848, 47, 36, 2),
(6849, 48, 36, 2),
(6850, 49, 36, 2),
(6851, 0, 37, 0),
(6852, 1, 37, 0),
(6853, 2, 37, 0),
(6854, 3, 37, 0),
(6855, 4, 37, 0),
(6856, 5, 37, 0),
(6857, 6, 37, 0),
(6858, 7, 37, 0),
(6859, 8, 37, 0),
(6860, 9, 37, 0),
(6861, 10, 37, 0),
(6862, 11, 37, 0),
(6863, 12, 37, 0),
(6864, 13, 37, 0),
(6865, 14, 37, 0),
(6866, 15, 37, 0),
(6867, 16, 37, 0),
(6868, 17, 37, 0),
(6869, 18, 37, 0),
(6870, 19, 37, 0),
(6871, 20, 37, 0),
(6872, 21, 37, 0),
(6873, 22, 37, 2),
(6874, 23, 37, 2),
(6875, 24, 37, 0),
(6876, 25, 37, 0),
(6877, 26, 37, 0),
(6878, 27, 37, 0),
(6879, 28, 37, 0),
(6880, 29, 37, 2),
(6881, 30, 37, 2),
(6882, 31, 37, 2),
(6883, 32, 37, 0),
(6884, 33, 37, 0),
(6885, 34, 37, 0),
(6886, 35, 37, 1),
(6887, 36, 37, 0),
(6888, 37, 37, 0),
(6889, 38, 37, 0),
(6890, 39, 37, 0),
(6891, 40, 37, 0),
(6892, 41, 37, 0),
(6893, 42, 37, 0),
(6894, 43, 37, 1),
(6895, 44, 37, 0),
(6896, 45, 37, 0),
(6897, 46, 37, 0),
(6898, 47, 37, 0),
(6899, 48, 37, 0),
(6900, 49, 37, 0),
(6901, 0, 38, 0),
(6902, 1, 38, 0),
(6903, 2, 38, 1),
(6904, 3, 38, 0),
(6905, 4, 38, 0),
(6906, 5, 38, 0),
(6907, 6, 38, 0),
(6908, 7, 38, 0),
(6909, 8, 38, 0),
(6910, 9, 38, 1),
(6911, 10, 38, 0),
(6912, 11, 38, 0),
(6913, 12, 38, 0),
(6914, 13, 38, 0),
(6915, 14, 38, 0),
(6916, 15, 38, 0),
(6917, 16, 38, 1),
(6918, 17, 38, 0),
(6919, 18, 38, 0),
(6920, 19, 38, 0),
(6921, 20, 38, 0),
(6922, 21, 38, 0),
(6923, 22, 38, 2),
(6924, 23, 38, 2),
(6925, 24, 38, 0),
(6926, 25, 38, 0),
(6927, 26, 38, 0),
(6928, 27, 38, 0),
(6929, 28, 38, 0),
(6930, 29, 38, 2),
(6931, 30, 38, 2),
(6932, 31, 38, 2),
(6933, 32, 38, 0),
(6934, 33, 38, 0),
(6935, 34, 38, 0),
(6936, 35, 38, 0),
(6937, 36, 38, 0),
(6938, 37, 38, 0),
(6939, 38, 38, 0),
(6940, 39, 38, 0),
(6941, 40, 38, 0),
(6942, 41, 38, 0),
(6943, 42, 38, 0),
(6944, 43, 38, 0),
(6945, 44, 38, 0),
(6946, 45, 38, 0),
(6947, 46, 38, 0),
(6948, 47, 38, 0),
(6949, 48, 38, 0),
(6950, 49, 38, 0),
(6951, 0, 39, 0),
(6952, 1, 39, 0),
(6953, 2, 39, 0),
(6954, 3, 39, 0),
(6955, 4, 39, 0),
(6956, 5, 39, 0),
(6957, 6, 39, 0),
(6958, 7, 39, 0),
(6959, 8, 39, 0),
(6960, 9, 39, 0),
(6961, 10, 39, 0),
(6962, 11, 39, 0),
(6963, 12, 39, 0),
(6964, 13, 39, 0),
(6965, 14, 39, 0),
(6966, 15, 39, 0),
(6967, 16, 39, 0),
(6968, 17, 39, 0),
(6969, 18, 39, 0),
(6970, 19, 39, 0),
(6971, 20, 39, 0),
(6972, 21, 39, 0),
(6973, 22, 39, 2),
(6974, 23, 39, 2),
(6975, 24, 39, 0),
(6976, 25, 39, 0),
(6977, 26, 39, 0),
(6978, 27, 39, 0),
(6979, 28, 39, 0),
(6980, 29, 39, 2),
(6981, 30, 39, 2),
(6982, 31, 39, 2),
(6983, 32, 39, 0),
(6984, 33, 39, 0),
(6985, 34, 39, 0),
(6986, 35, 39, 0),
(6987, 36, 39, 0),
(6988, 37, 39, 2),
(6989, 38, 39, 2),
(6990, 39, 39, 2),
(6991, 40, 39, 2),
(6992, 41, 39, 0),
(6993, 42, 39, 0),
(6994, 43, 39, 1),
(6995, 44, 39, 0),
(6996, 45, 39, 0),
(6997, 46, 39, 0),
(6998, 47, 39, 1),
(6999, 48, 39, 0),
(7000, 49, 39, 0),
(7001, 0, 40, 0),
(7002, 1, 40, 0),
(7003, 2, 40, 1),
(7004, 3, 40, 0),
(7005, 4, 40, 0),
(7006, 5, 40, 0),
(7007, 6, 40, 1),
(7008, 7, 40, 0),
(7009, 8, 40, 2),
(7010, 9, 40, 2),
(7011, 10, 40, 2),
(7012, 11, 40, 0),
(7013, 12, 40, 0),
(7014, 13, 40, 0),
(7015, 14, 40, 0),
(7016, 15, 40, 0),
(7017, 16, 40, 0),
(7018, 17, 40, 0),
(7019, 18, 40, 0),
(7020, 19, 40, 0),
(7021, 20, 40, 0),
(7022, 21, 40, 0),
(7023, 22, 40, 2),
(7024, 23, 40, 2),
(7025, 24, 40, 0),
(7026, 25, 40, 0),
(7027, 26, 40, 0),
(7028, 27, 40, 0),
(7029, 28, 40, 0),
(7030, 29, 40, 2),
(7031, 30, 40, 2),
(7032, 31, 40, 2),
(7033, 32, 40, 0),
(7034, 33, 40, 0),
(7035, 34, 40, 0),
(7036, 35, 40, 1),
(7037, 36, 40, 0),
(7038, 37, 40, 2),
(7039, 38, 40, 2),
(7040, 39, 40, 2),
(7041, 40, 40, 2),
(7042, 41, 40, 0),
(7043, 42, 40, 0),
(7044, 43, 40, 0),
(7045, 44, 40, 0),
(7046, 45, 40, 0),
(7047, 46, 40, 0),
(7048, 47, 40, 0),
(7049, 48, 40, 0),
(7050, 49, 40, 0),
(7051, 0, 41, 0),
(7052, 1, 41, 0),
(7053, 2, 41, 0),
(7054, 3, 41, 0),
(7055, 4, 41, 0),
(7056, 5, 41, 0),
(7057, 6, 41, 0),
(7058, 7, 41, 0),
(7059, 8, 41, 2),
(7060, 9, 41, 2),
(7061, 10, 41, 2),
(7062, 11, 41, 0),
(7063, 12, 41, 0),
(7064, 13, 41, 0),
(7065, 14, 41, 1),
(7066, 15, 41, 0),
(7067, 16, 41, 0),
(7068, 17, 41, 0),
(7069, 18, 41, 0),
(7070, 19, 41, 1),
(7071, 20, 41, 0),
(7072, 21, 41, 0),
(7073, 22, 41, 2),
(7074, 23, 41, 2),
(7075, 24, 41, 0),
(7076, 25, 41, 0),
(7077, 26, 41, 0),
(7078, 27, 41, 0),
(7079, 28, 41, 0),
(7080, 29, 41, 4),
(7081, 30, 41, 2),
(7082, 31, 41, 2),
(7083, 32, 41, 0),
(7084, 33, 41, 0),
(7085, 34, 41, 0),
(7086, 35, 41, 0),
(7087, 36, 41, 0),
(7088, 37, 41, 2),
(7089, 38, 41, 2),
(7090, 39, 41, 2),
(7091, 40, 41, 2),
(7092, 41, 41, 0),
(7093, 42, 41, 0),
(7094, 43, 41, 1),
(7095, 44, 41, 0),
(7096, 45, 41, 0),
(7097, 46, 41, 0),
(7098, 47, 41, 1),
(7099, 48, 41, 0),
(7100, 49, 41, 0),
(7101, 0, 42, 0),
(7102, 1, 42, 0),
(7103, 2, 42, 0),
(7104, 3, 42, 0),
(7105, 4, 42, 0),
(7106, 5, 42, 0),
(7107, 6, 42, 0),
(7108, 7, 42, 0),
(7109, 8, 42, 2),
(7110, 9, 42, 2),
(7111, 10, 42, 2),
(7112, 11, 42, 0),
(7113, 12, 42, 0),
(7114, 13, 42, 0),
(7115, 14, 42, 0),
(7116, 15, 42, 0),
(7117, 16, 42, 0),
(7118, 17, 42, 0),
(7119, 18, 42, 0),
(7120, 19, 42, 0),
(7121, 20, 42, 0),
(7122, 21, 42, 0),
(7123, 22, 42, 2),
(7124, 23, 42, 2),
(7125, 24, 42, 0),
(7126, 25, 42, 0),
(7127, 26, 42, 0),
(7128, 27, 42, 0),
(7129, 28, 42, 0),
(7130, 29, 42, 0),
(7131, 30, 42, 0),
(7132, 31, 42, 0),
(7133, 32, 42, 0),
(7134, 33, 42, 0),
(7135, 34, 42, 0),
(7136, 35, 42, 0),
(7137, 36, 42, 0),
(7138, 37, 42, 0),
(7139, 38, 42, 0),
(7140, 39, 42, 0),
(7141, 40, 42, 0),
(7142, 41, 42, 0),
(7143, 42, 42, 0),
(7144, 43, 42, 0),
(7145, 44, 42, 0),
(7146, 45, 42, 0),
(7147, 46, 42, 0),
(7148, 47, 42, 0),
(7149, 48, 42, 0),
(7150, 49, 42, 0),
(7151, 0, 43, 0),
(7152, 1, 43, 0),
(7153, 2, 43, 1),
(7154, 3, 43, 0),
(7155, 4, 43, 0),
(7156, 5, 43, 0),
(7157, 6, 43, 1),
(7158, 7, 43, 0),
(7159, 8, 43, 2),
(7160, 9, 43, 2),
(7161, 10, 43, 2),
(7162, 11, 43, 0),
(7163, 12, 43, 0),
(7164, 13, 43, 0),
(7165, 14, 43, 1),
(7166, 15, 43, 0),
(7167, 16, 43, 0),
(7168, 17, 43, 0),
(7169, 18, 43, 0),
(7170, 19, 43, 1),
(7171, 20, 43, 0),
(7172, 21, 43, 0),
(7173, 22, 43, 0),
(7174, 23, 43, 0),
(7175, 24, 43, 0),
(7176, 25, 43, 0),
(7177, 26, 43, 0),
(7178, 27, 43, 0),
(7179, 28, 43, 0),
(7180, 29, 43, 1),
(7181, 30, 43, 0),
(7182, 31, 43, 0),
(7183, 32, 43, 0),
(7184, 33, 43, 0),
(7185, 34, 43, 0),
(7186, 35, 43, 1),
(7187, 36, 43, 0),
(7188, 37, 43, 0),
(7189, 38, 43, 0),
(7190, 39, 43, 0),
(7191, 40, 43, 1),
(7192, 41, 43, 0),
(7193, 42, 43, 0),
(7194, 43, 43, 0),
(7195, 44, 43, 1),
(7196, 45, 43, 0),
(7197, 46, 43, 0),
(7198, 47, 43, 0),
(7199, 48, 43, 1),
(7200, 49, 43, 0),
(7201, 0, 44, 0),
(7202, 1, 44, 0),
(7203, 2, 44, 0),
(7204, 3, 44, 0),
(7205, 4, 44, 0),
(7206, 5, 44, 0),
(7207, 6, 44, 0),
(7208, 7, 44, 0),
(7209, 8, 44, 0),
(7210, 9, 44, 0),
(7211, 10, 44, 0),
(7212, 11, 44, 0),
(7213, 12, 44, 0),
(7214, 13, 44, 0),
(7215, 14, 44, 0),
(7216, 15, 44, 0),
(7217, 16, 44, 0),
(7218, 17, 44, 0),
(7219, 18, 44, 0),
(7220, 19, 44, 0),
(7221, 20, 44, 0),
(7222, 21, 44, 0),
(7223, 22, 44, 0),
(7224, 23, 44, 0),
(7225, 24, 44, 0),
(7226, 25, 44, 0),
(7227, 26, 44, 0),
(7228, 27, 44, 0),
(7229, 28, 44, 0),
(7230, 29, 44, 0),
(7231, 30, 44, 0),
(7232, 31, 44, 0),
(7233, 32, 44, 0),
(7234, 33, 44, 0),
(7235, 34, 44, 0),
(7236, 35, 44, 0),
(7237, 36, 44, 0),
(7238, 37, 44, 0),
(7239, 38, 44, 0),
(7240, 39, 44, 0),
(7241, 40, 44, 0),
(7242, 41, 44, 0),
(7243, 42, 44, 0),
(7244, 43, 44, 0),
(7245, 44, 44, 0),
(7246, 45, 44, 0),
(7247, 46, 44, 0),
(7248, 47, 44, 0),
(7249, 48, 44, 0),
(7250, 49, 44, 0),
(7251, 0, 45, 2),
(7252, 1, 45, 2),
(7253, 2, 45, 2),
(7254, 3, 45, 2),
(7255, 4, 45, 2),
(7256, 5, 45, 2),
(7257, 6, 45, 2),
(7258, 7, 45, 2),
(7259, 8, 45, 2),
(7260, 9, 45, 2),
(7261, 10, 45, 2),
(7262, 11, 45, 2),
(7263, 12, 45, 2),
(7264, 13, 45, 2),
(7265, 14, 45, 2),
(7266, 15, 45, 2),
(7267, 16, 45, 2),
(7268, 17, 45, 2),
(7269, 18, 45, 2),
(7270, 19, 45, 2),
(7271, 20, 45, 2),
(7272, 21, 45, 2),
(7273, 22, 45, 2),
(7274, 23, 45, 2),
(7275, 24, 45, 0),
(7276, 25, 45, 0),
(7277, 26, 45, 0),
(7278, 27, 45, 0),
(7279, 28, 45, 0),
(7280, 29, 45, 2),
(7281, 30, 45, 2),
(7282, 31, 45, 2),
(7283, 32, 45, 2),
(7284, 33, 45, 2),
(7285, 34, 45, 2),
(7286, 35, 45, 2),
(7287, 36, 45, 2),
(7288, 37, 45, 2),
(7289, 38, 45, 2),
(7290, 39, 45, 2),
(7291, 40, 45, 0),
(7292, 41, 45, 0),
(7293, 42, 45, 0),
(7294, 43, 45, 0),
(7295, 44, 45, 0),
(7296, 45, 45, 2),
(7297, 46, 45, 2),
(7298, 47, 45, 2),
(7299, 48, 45, 2),
(7300, 49, 45, 2),
(7301, 0, 46, 2),
(7302, 1, 46, 2),
(7303, 2, 46, 2),
(7304, 3, 46, 2),
(7305, 4, 46, 2),
(7306, 5, 46, 2),
(7307, 6, 46, 2),
(7308, 7, 46, 2),
(7309, 8, 46, 2),
(7310, 9, 46, 2),
(7311, 10, 46, 2),
(7312, 11, 46, 2),
(7313, 12, 46, 2),
(7314, 13, 46, 2),
(7315, 14, 46, 2),
(7316, 15, 46, 2),
(7317, 16, 46, 2),
(7318, 17, 46, 2),
(7319, 18, 46, 2),
(7320, 19, 46, 2),
(7321, 20, 46, 2),
(7322, 21, 46, 2),
(7323, 22, 46, 2),
(7324, 23, 46, 2),
(7325, 24, 46, 0),
(7326, 25, 46, 0),
(7327, 26, 46, 0),
(7328, 27, 46, 0),
(7329, 28, 46, 0),
(7330, 29, 46, 2),
(7331, 30, 46, 2),
(7332, 31, 46, 4),
(7333, 32, 46, 0),
(7334, 33, 46, 1),
(7335, 34, 46, 0),
(7336, 35, 46, 0),
(7337, 36, 46, 0),
(7338, 37, 46, 0),
(7339, 38, 46, 1),
(7340, 39, 46, 0),
(7341, 40, 46, 0),
(7342, 41, 46, 0),
(7343, 42, 46, 0),
(7344, 43, 46, 0),
(7345, 44, 46, 0),
(7346, 45, 46, 2),
(7347, 46, 46, 2),
(7348, 47, 46, 2),
(7349, 48, 46, 2),
(7350, 49, 46, 2),
(7351, 0, 47, 0),
(7352, 1, 47, 0),
(7353, 2, 47, 0),
(7354, 3, 47, 0),
(7355, 4, 47, 0),
(7356, 5, 47, 0),
(7357, 6, 47, 0),
(7358, 7, 47, 0),
(7359, 8, 47, 0),
(7360, 9, 47, 0),
(7361, 10, 47, 0),
(7362, 11, 47, 0),
(7363, 12, 47, 0),
(7364, 13, 47, 0),
(7365, 14, 47, 0),
(7366, 15, 47, 0),
(7367, 16, 47, 0),
(7368, 17, 47, 0),
(7369, 18, 47, 0),
(7370, 19, 47, 0),
(7371, 20, 47, 0),
(7372, 21, 47, 0),
(7373, 22, 47, 0),
(7374, 23, 47, 0),
(7375, 24, 47, 0),
(7376, 25, 47, 0),
(7377, 26, 47, 0),
(7378, 27, 47, 0),
(7379, 28, 47, 0),
(7380, 29, 47, 2),
(7381, 30, 47, 2),
(7382, 31, 47, 2),
(7383, 32, 47, 0),
(7384, 33, 47, 0),
(7385, 34, 47, 0),
(7386, 35, 47, 0),
(7387, 36, 47, 0),
(7388, 37, 47, 0),
(7389, 38, 47, 0),
(7390, 39, 47, 0),
(7391, 40, 47, 0),
(7392, 41, 47, 0),
(7393, 42, 47, 1),
(7394, 43, 47, 0),
(7395, 44, 47, 0),
(7396, 45, 47, 0),
(7397, 46, 47, 0),
(7398, 47, 47, 0),
(7399, 48, 47, 2),
(7400, 49, 47, 2),
(7401, 0, 48, 0),
(7402, 1, 48, 0),
(7403, 2, 48, 0),
(7404, 3, 48, 1),
(7405, 4, 48, 0),
(7406, 5, 48, 0),
(7407, 6, 48, 0),
(7408, 7, 48, 0),
(7409, 8, 48, 0),
(7410, 9, 48, 1),
(7411, 10, 48, 0),
(7412, 11, 48, 0),
(7413, 12, 48, 0),
(7414, 13, 48, 0),
(7415, 14, 48, 0),
(7416, 15, 48, 1),
(7417, 16, 48, 0),
(7418, 17, 48, 0),
(7419, 18, 48, 0),
(7420, 19, 48, 0),
(7421, 20, 48, 0),
(7422, 21, 48, 1),
(7423, 22, 48, 0),
(7424, 23, 48, 0),
(7425, 24, 48, 0),
(7426, 25, 48, 0),
(7427, 26, 48, 0),
(7428, 27, 48, 1),
(7429, 28, 48, 0),
(7430, 29, 48, 2),
(7431, 30, 48, 2),
(7432, 31, 48, 2),
(7433, 32, 48, 0),
(7434, 33, 48, 1),
(7435, 34, 48, 0),
(7436, 35, 48, 0),
(7437, 36, 48, 0),
(7438, 37, 48, 0),
(7439, 38, 48, 1),
(7440, 39, 48, 0),
(7441, 40, 48, 0),
(7442, 41, 48, 0),
(7443, 42, 48, 0),
(7444, 43, 48, 0),
(7445, 44, 48, 0),
(7446, 45, 48, 0),
(7447, 46, 48, 0),
(7448, 47, 48, 0),
(7449, 48, 48, 2),
(7450, 49, 48, 2),
(7451, 0, 49, 0),
(7452, 1, 49, 0),
(7453, 2, 49, 0),
(7454, 3, 49, 0),
(7455, 4, 49, 0),
(7456, 5, 49, 0),
(7457, 6, 49, 0),
(7458, 7, 49, 0),
(7459, 8, 49, 0),
(7460, 9, 49, 0),
(7461, 10, 49, 0),
(7462, 11, 49, 0),
(7463, 12, 49, 0),
(7464, 13, 49, 0),
(7465, 14, 49, 0),
(7466, 15, 49, 0),
(7467, 16, 49, 0),
(7468, 17, 49, 0),
(7469, 18, 49, 0),
(7470, 19, 49, 0),
(7471, 20, 49, 0),
(7472, 21, 49, 0),
(7473, 22, 49, 0),
(7474, 23, 49, 0),
(7475, 24, 49, 0),
(7476, 25, 49, 0),
(7477, 26, 49, 0),
(7478, 27, 49, 0),
(7479, 28, 49, 0),
(7480, 29, 49, 2),
(7481, 30, 49, 2),
(7482, 31, 49, 2),
(7483, 32, 49, 2),
(7484, 33, 49, 2),
(7485, 34, 49, 2),
(7486, 35, 49, 2),
(7487, 36, 49, 2),
(7488, 37, 49, 2),
(7489, 38, 49, 2),
(7490, 39, 49, 2),
(7491, 40, 49, 2),
(7492, 41, 49, 2),
(7493, 42, 49, 2),
(7494, 43, 49, 2),
(7495, 44, 49, 2),
(7496, 45, 49, 2),
(7497, 46, 49, 2),
(7498, 47, 49, 2),
(7499, 48, 49, 2),
(7500, 49, 49, 2);

-- --------------------------------------------------------

--
-- Cấu trúc bảng cho bảng `sensor`
--

CREATE TABLE `sensor` (
  `sensor_id` int(11) NOT NULL,
  `sensor_name` varchar(45) COLLATE utf8_unicode_ci DEFAULT NULL,
  `sensor_detail` varchar(100) COLLATE utf8_unicode_ci DEFAULT NULL,
  `current_tree_id` int(11) DEFAULT NULL,
  `sensor_state` int(11) DEFAULT '1'
) ENGINE=InnoDB DEFAULT CHARSET=utf8 COLLATE=utf8_unicode_ci;

--
-- Đang đổ dữ liệu cho bảng `sensor`
--

INSERT INTO `sensor` (`sensor_id`, `sensor_name`, `sensor_detail`, `current_tree_id`, `sensor_state`) VALUES
(1, 'SS_C9_202', 'This is a sensor which has humity, temorature', 2, 0),
(2, 'SS_C9_101', 'This is the sensor which has humity, temorature', 4, 1),
(3, 'SS_C9_101', 'This is the sensor which has humity, temorature', 5, 1),
(4, 'SS_C9_101', 'This is the sensor which has humity, temorature', 1, 1),
(5, 'SS_C9_202', 'This is a sensor which has humity, temorature', 3, 1),
(6, 'SS_C9_202', 'This is a sensor which has humity, temorature', 6, 1);

-- --------------------------------------------------------

--
-- Cấu trúc bảng cho bảng `staff`
--

CREATE TABLE `staff` (
  `staff_id` int(11) NOT NULL,
  `staff_code` varchar(45) COLLATE utf8_unicode_ci DEFAULT NULL,
  `staff_name` varchar(45) COLLATE utf8_unicode_ci DEFAULT NULL,
  `staff_dob` date DEFAULT NULL,
  `staff_phone` varchar(45) COLLATE utf8_unicode_ci DEFAULT NULL,
  `staff_address` varchar(45) COLLATE utf8_unicode_ci DEFAULT NULL,
  `staff_role` varchar(45) COLLATE utf8_unicode_ci DEFAULT NULL,
  `staff_state` int(11) DEFAULT '1',
  `username` varchar(45) COLLATE utf8_unicode_ci DEFAULT NULL,
  `password` varchar(60) COLLATE utf8_unicode_ci DEFAULT NULL,
  `x` int(11) DEFAULT '0',
  `y` int(11) DEFAULT '0'
) ENGINE=InnoDB DEFAULT CHARSET=utf8 COLLATE=utf8_unicode_ci;

--
-- Đang đổ dữ liệu cho bảng `staff`
--

INSERT INTO `staff` (`staff_id`, `staff_code`, `staff_name`, `staff_dob`, `staff_phone`, `staff_address`, `staff_role`, `staff_state`, `username`, `password`, `x`, `y`) VALUES
(0, 'TNV', 'Tình nguyện viên', '2000-02-02', '0', 'Every Where', 'TNV', 1, 'TNV', 'TNV', 0, 0),
(1, 'QL_01_LinhPH', 'Phạm Hải Linh', '1996-11-30', '01667645238', 'Bạch Mai - Hà Nội', 'MANAGER', 1, 'linhph', 'linhph', 0, 0),
(2, 'NV_01_TUNGTS', 'Trần Sơn Tùng', '1996-12-09', '01685423584', 'Đại La - HBT - Hà Nội', 'STAFF', 1, 'tungts', 'tungts', 0, 0),
(3, 'NV_02_THANHNV', 'Nguyễn Văn Thanh', '1996-06-03', '01689745875', 'Đại La - HBT - Hà Nội', 'STAFF', 1, 'thanhnv', 'thanhnv', 0, 0),
(4, 'TNV', 'Tình nguyện viên', '2000-02-01', '0', 'Every Where', 'TNV', 1, 'ducnv', 'ducnv', 0, 0);

-- --------------------------------------------------------

--
-- Cấu trúc bảng cho bảng `tree`
--

CREATE TABLE `tree` (
  `tree_id` int(11) NOT NULL,
  `tree_name` varchar(45) COLLATE utf8_unicode_ci DEFAULT NULL,
  `tree_type` int(11) DEFAULT NULL,
  `current_water` double DEFAULT NULL,
  `current_state` varchar(45) COLLATE utf8_unicode_ci DEFAULT NULL,
  `x` double DEFAULT NULL,
  `y` double DEFAULT NULL,
  `tree_state` int(11) DEFAULT '1',
  `is_blocking` int(11) DEFAULT '0'
) ENGINE=InnoDB DEFAULT CHARSET=utf8 COLLATE=utf8_unicode_ci;

--
-- Đang đổ dữ liệu cho bảng `tree`
--

INSERT INTO `tree` (`tree_id`, `tree_name`, `tree_type`, `current_water`, `current_state`, `x`, `y`, `tree_state`, `is_blocking`) VALUES
(1, 'C9_301', 1, -2, 'NORMAL', 8, 1, 1, 0),
(2, 'C9_30_2', 3, 1, 'DANGEROUS', 13, 1, 1, 0),
(3, '444444', 1, 3, 'NORMAL', 39, 1, 1, 0),
(4, '444444', 1, 0.5, 'NORMAL', 43, 1, 1, 0),
(5, 'C9_30_9', 2, 1, 'NORMAL', 8, 3, 1, 0),
(6, 'C9_301', 1, 0.5, 'NORMAL', 13, 3, 1, 0),
(7, 'C9_30_2', 3, 1, 'DANGEROUS', 39, 3, 1, 0),
(8, '444444', 1, 0.5, 'NORMAL', 43, 3, 1, 0),
(9, '444444', 1, 1, 'NORMAL', 8, 5, 1, 0),
(10, 'C9_30_9', 2, 1.5, 'NORMAL', 13, 5, 1, 0),
(11, 'C9_30_9', 2, 2.5, 'NORMAL', 31, 5, 1, 0),
(12, 'C9_301', 1, 0.5, 'NORMAL', 9, 5, 1, 0),
(13, 'C9_30_2', 3, 1.5, 'DANGEROUS', 43, 5, 1, 0),
(14, '444444', 1, 0.5, 'NORMAL', 8, 7, 1, 0),
(15, '444444', 1, 0.5, 'NORMAL', 13, 7, 1, 0),
(16, 'C9_30_9', 2, 2.5, 'NORMAL', 26, 7, 1, 0),
(1537, 'C9_301', 3, 2.5, 'NORMAL', 31, 7, 1, 0),
(1538, 'C9_301', 3, 2.5, 'NORMAL', 39, 7, 1, 0),
(1539, 'C9_301', 3, 2.5, 'NORMAL', 43, 7, 1, 0),
(1540, 'C9_301', 3, 2.5, 'NORMAL', 8, 9, 1, 0),
(1541, 'C9_301', 3, 2.5, 'NORMAL', 13, 9, 1, 0),
(1542, 'C9_301', 3, 2.5, 'NORMAL', 26, 9, 1, 0),
(1543, 'C9_301', 3, 2.5, 'NORMAL', 31, 9, 1, 0),
(1544, 'C9_301', 3, 2.5, 'NORMAL', 39, 9, 1, 0),
(1545, 'C9_301', 3, 2.5, 'NORMAL', 43, 9, 1, 0),
(1546, 'C9_301', 3, 2.5, 'NORMAL', 47, 9, 1, 0),
(1547, 'C9_301', 3, 2.5, 'NORMAL', 19, 11, 1, 0),
(1548, 'C9_301', 3, 2.5, 'NORMAL', 26, 11, 1, 0),
(1549, 'C9_301', 3, 2.5, 'NORMAL', 6, 12, 1, 0),
(1550, 'C9_301', 3, 2.5, 'NORMAL', 13, 12, 1, 0),
(1551, 'C9_301', 3, 2.5, 'NORMAL', 27, 12, 1, 0),
(1552, 'C9_301', 3, 2.5, 'NORMAL', 38, 12, 1, 0),
(1553, 'C9_301', 3, 2.5, 'NORMAL', 42, 12, 1, 0),
(1554, 'C9_301', 3, 2.5, 'NORMAL', 19, 13, 1, 0),
(1555, 'C9_301', 3, 2.5, 'NORMAL', 26, 13, 1, 0),
(1556, 'C9_301', 3, 2.5, 'NORMAL', 6, 14, 1, 0),
(1557, 'C9_301', 3, 2.5, 'NORMAL', 13, 14, 1, 0),
(1558, 'C9_301', 3, 2.5, 'NORMAL', 19, 15, 1, 0),
(1559, 'C9_301', 3, 2.5, 'NORMAL', 26, 15, 1, 0),
(1560, 'C9_301', 3, 2.5, 'NORMAL', 6, 16, 1, 0),
(1561, 'C9_301', 3, 2.5, 'NORMAL', 19, 17, 1, 0),
(1562, 'C9_301', 3, 2.5, 'NORMAL', 26, 17, 1, 0),
(1563, 'C9_301', 3, 2.5, 'NORMAL', 6, 18, 1, 0),
(1564, 'C9_301', 3, 2.5, 'NORMAL', 19, 19, 1, 0),
(1565, 'C9_301', 3, 2.5, 'NORMAL', 26, 19, 1, 0),
(1566, 'C9_301', 3, 2.5, 'NORMAL', 34, 20, 1, 0),
(1567, 'C9_301', 3, 2.5, 'NORMAL', 43, 20, 1, 0),
(1568, 'C9_301', 3, 2.5, 'NORMAL', 19, 21, 1, 0),
(1569, 'C9_301', 3, 2.5, 'NORMAL', 26, 21, 1, 0),
(1570, 'C9_301', 3, 2.5, 'NORMAL', 34, 22, 1, 0),
(1571, 'C9_301', 3, 2.5, 'NORMAL', 43, 22, 1, 0),
(1572, 'C9_301', 3, 2.5, 'NORMAL', 19, 23, 1, 0),
(1573, 'C9_301', 3, 2.5, 'NORMAL', 26, 23, 1, 0),
(1574, 'C9_301', 3, 2.5, 'NORMAL', 7, 24, 1, 0),
(1575, 'C9_301', 3, 2.5, 'NORMAL', 13, 24, 1, 0),
(1576, 'C9_301', 3, 2.5, 'NORMAL', 34, 24, 1, 0),
(1577, 'C9_301', 3, 2.5, 'NORMAL', 43, 24, 1, 0),
(1578, 'C9_301', 3, 2.5, 'NORMAL', 19, 25, 1, 0),
(1579, 'C9_301', 3, 2.5, 'NORMAL', 26, 25, 1, 0),
(1580, 'C9_301', 3, 2.5, 'NORMAL', 40, 26, 1, 0),
(1581, 'C9_301', 3, 2.5, 'NORMAL', 44, 26, 1, 0),
(1582, 'C9_301', 3, 2.5, 'NORMAL', 7, 27, 1, 0),
(1583, 'C9_301', 3, 2.5, 'NORMAL', 13, 27, 1, 0),
(1584, 'C9_301', 3, 2.5, 'NORMAL', 19, 27, 1, 0),
(1585, 'C9_301', 3, 2.5, 'NORMAL', 26, 27, 1, 0),
(1586, 'C9_301', 3, 2.5, 'NORMAL', 32, 28, 1, 0),
(1587, 'C9_301', 3, 2.5, 'NORMAL', 40, 29, 1, 0),
(1588, 'C9_301', 3, 2.5, 'NORMAL', 44, 29, 1, 0),
(1589, 'C9_301', 3, 2.5, 'NORMAL', 7, 30, 1, 0),
(1590, 'C9_301', 3, 2.5, 'NORMAL', 13, 30, 1, 0),
(1591, 'C9_301', 3, 2.5, 'NORMAL', 19, 31, 1, 0),
(1592, 'C9_301', 3, 2.5, 'NORMAL', 26, 31, 1, 0),
(1593, 'C9_301', 3, 2.5, 'NORMAL', 32, 31, 1, 0),
(1594, 'C9_301', 3, 2.5, 'NORMAL', 40, 32, 1, 0),
(1595, 'C9_301', 3, 2.5, 'NORMAL', 44, 32, 1, 0),
(1596, 'C9_301', 3, 2.5, 'NORMAL', 7, 33, 1, 0),
(1597, 'C9_301', 3, 2.5, 'NORMAL', 13, 33, 1, 0),
(1598, 'C9_301', 3, 2.5, 'NORMAL', 19, 33, 1, 0),
(1599, 'C9_301', 3, 2.5, 'NORMAL', 26, 33, 1, 0),
(1600, 'C9_301', 3, 2.5, 'NORMAL', 32, 33, 1, 0),
(1601, 'C9_301', 3, 2.5, 'NORMAL', 40, 34, 1, 0),
(1602, 'C9_301', 3, 2.5, 'NORMAL', 44, 34, 1, 0),
(1603, 'C9_301', 3, 2.5, 'NORMAL', 43, 35, 1, 0),
(1604, 'C9_301', 3, 2.5, 'NORMAL', 35, 37, 1, 0),
(1605, 'C9_301', 3, 2.5, 'NORMAL', 43, 37, 1, 0),
(1606, 'C9_301', 3, 2.5, 'NORMAL', 2, 38, 1, 0),
(1607, 'C9_301', 3, 2.5, 'NORMAL', 9, 38, 1, 0),
(1608, 'C9_301', 3, 2.5, 'NORMAL', 16, 38, 1, 0),
(1609, 'C9_301', 3, 2.5, 'NORMAL', 43, 39, 1, 0),
(1610, 'C9_301', 3, 2.5, 'NORMAL', 47, 39, 1, 0),
(1611, 'C9_301', 3, 2.5, 'NORMAL', 2, 40, 1, 0),
(1612, 'C9_301', 3, 2.5, 'NORMAL', 6, 40, 1, 0),
(1613, 'C9_301', 3, 2.5, 'NORMAL', 35, 40, 1, 0),
(1614, 'C9_301', 3, 2.5, 'NORMAL', 14, 41, 1, 0),
(1615, 'C9_301', 3, 2.5, 'NORMAL', 19, 41, 1, 0),
(1616, 'C9_301', 3, 2.5, 'NORMAL', 43, 41, 1, 0),
(1617, 'C9_301', 3, 2.5, 'NORMAL', 47, 41, 1, 0),
(1618, 'C9_301', 3, 2.5, 'NORMAL', 2, 43, 1, 0),
(1619, 'C9_301', 3, 2.5, 'NORMAL', 6, 43, 1, 0),
(1620, 'C9_301', 3, 2.5, 'NORMAL', 14, 43, 1, 0),
(1621, 'C9_301', 3, 2.5, 'NORMAL', 19, 43, 1, 0),
(1622, 'C9_301', 3, 2.5, 'NORMAL', 29, 43, 1, 0),
(1623, 'C9_301', 3, 2.5, 'NORMAL', 35, 43, 1, 0),
(1624, 'C9_301', 3, 2.5, 'NORMAL', 40, 43, 1, 0),
(1625, 'C9_301', 3, 2.5, 'NORMAL', 44, 43, 1, 0),
(1626, 'C9_301', 3, 2.5, 'NORMAL', 48, 43, 1, 0),
(1627, 'C9_301', 3, 2.5, 'NORMAL', 33, 46, 1, 0),
(1628, 'C9_301', 3, 2.5, 'NORMAL', 38, 46, 1, 0),
(1629, 'C9_301', 3, 2.5, 'NORMAL', 42, 47, 1, 0),
(1630, 'C9_301', 3, 2.5, 'NORMAL', 3, 48, 1, 0),
(1631, 'C9_301', 3, 2.5, 'NORMAL', 9, 48, 1, 0),
(1632, 'C9_301', 3, 2.5, 'NORMAL', 15, 48, 1, 0),
(1633, 'C9_301', 3, 2.5, 'NORMAL', 21, 48, 1, 0),
(1634, 'C9_301', 3, 2.5, 'NORMAL', 27, 48, 1, 0),
(1635, 'C9_301', 3, 2.5, 'NORMAL', 33, 48, 1, 0),
(1636, 'C9_301', 3, 2.5, 'NORMAL', 38, 48, 1, 0),
(1637, 'C1_100', 1, 10, 'NORMAL', 6, 1, 0, 0);

-- --------------------------------------------------------

--
-- Cấu trúc bảng cho bảng `tree_lock`
--

CREATE TABLE `tree_lock` (
  `id` int(11) NOT NULL,
  `tree_id` int(11) DEFAULT NULL,
  `time` bigint(20) DEFAULT NULL,
  `enabled` int(11) DEFAULT '1'
) ENGINE=InnoDB DEFAULT CHARSET=utf8 COLLATE=utf8_unicode_ci;

--
-- Đang đổ dữ liệu cho bảng `tree_lock`
--

INSERT INTO `tree_lock` (`id`, `tree_id`, `time`, `enabled`) VALUES
(25, 1, 1523268137152, 0),
(26, 3, 1523268137152, 0),
(27, 2, 1523268137152, 0),
(46, 11, 1523469433061, 0),
(47, 16, 1523469433064, 0),
(48, 11, 1523471344994, 0),
(49, 16, 1523471344995, 0),
(50, 10, 1523471347109, 0),
(51, 13, 1523471347110, 0),
(52, 1, 1523471347110, 0),
(53, 5, 1523471347111, 0),
(54, 7, 1523471348908, 0),
(55, 9, 1523471348909, 0),
(56, 2, 1523471348909, 0),
(57, 6, 1523471348910, 0),
(58, 8, 1523471348910, 0),
(59, 12, 1523471348911, 0),
(60, 14, 1523471348911, 0),
(61, 15, 1523471348911, 0);

-- --------------------------------------------------------

--
-- Cấu trúc bảng cho bảng `tree_state`
--

CREATE TABLE `tree_state` (
  `id` int(11) NOT NULL,
  `tree_id` int(11) DEFAULT NULL,
  `time` datetime DEFAULT CURRENT_TIMESTAMP,
  `tree_state` varchar(45) COLLATE utf8_unicode_ci DEFAULT NULL,
  `tree_description` varchar(100) COLLATE utf8_unicode_ci DEFAULT NULL,
  `comfirmed` int(11) DEFAULT '0',
  `tree_state_image` varchar(200) COLLATE utf8_unicode_ci DEFAULT NULL
) ENGINE=InnoDB DEFAULT CHARSET=utf8 COLLATE=utf8_unicode_ci;

--
-- Đang đổ dữ liệu cho bảng `tree_state`
--

INSERT INTO `tree_state` (`id`, `tree_id`, `time`, `tree_state`, `tree_description`, `comfirmed`, `tree_state_image`) VALUES
(1, 1, '2018-03-14 13:46:48', 'DEAD', 'Chet CMNR ', 0, NULL),
(2, 1, '2018-03-14 16:23:29', 'asdasd', 'asdas', 0, 'http://localhost:3000/images/uploads/1521019409806.pdf'),
(3, 1, '2018-03-14 16:25:06', 'DM TUNG', 'Khong co gi ca', 0, 'http://localhost:3000/images/uploads/1521019506839.pdf');

-- --------------------------------------------------------

--
-- Cấu trúc bảng cho bảng `tree_type`
--

CREATE TABLE `tree_type` (
  `type_id` int(11) NOT NULL,
  `type_name` varchar(45) COLLATE utf8_unicode_ci DEFAULT NULL,
  `standard_temperature` double DEFAULT NULL,
  `standard_humidity` double DEFAULT NULL,
  `standard_water` double DEFAULT NULL,
  `state` int(11) DEFAULT '1'
) ENGINE=InnoDB DEFAULT CHARSET=utf8 COLLATE=utf8_unicode_ci;

--
-- Đang đổ dữ liệu cho bảng `tree_type`
--

INSERT INTO `tree_type` (`type_id`, `type_name`, `standard_temperature`, `standard_humidity`, `standard_water`, `state`) VALUES
(1, 'Sấu 2', 250, 800, 0.5, 0),
(2, 'Bàng', 25, 80, 0.5, 1),
(3, 'Phượng', 25, 80, 0.5, 1),
(4, 'Xà cừ', 25, 80, 0.5, 1),
(5, 'Sấu', 25, 80, 0.5, 1),
(6, 'Sấu 2', 250, 800, 0.5, 1);

-- --------------------------------------------------------

--
-- Cấu trúc bảng cho bảng `water_station`
--

CREATE TABLE `water_station` (
  `water_id` int(11) NOT NULL,
  `water_name` varchar(45) COLLATE utf8_unicode_ci DEFAULT NULL,
  `water_location` varchar(45) COLLATE utf8_unicode_ci DEFAULT NULL,
  `x` int(11) DEFAULT NULL,
  `y` int(11) DEFAULT NULL,
  `state` int(11) DEFAULT '1'
) ENGINE=InnoDB DEFAULT CHARSET=utf8 COLLATE=utf8_unicode_ci;

--
-- Đang đổ dữ liệu cho bảng `water_station`
--

INSERT INTO `water_station` (`water_id`, `water_name`, `water_location`, `x`, `y`, `state`) VALUES
(7, 'WC_D35_F1', 'WC tầng 1 tòa nhà D35', 47, 1, 1),
(8, 'WC_D35_F1', 'WC tầng 1 tòa nhà D35', 22, 2, 1),
(9, 'WC_D35_F1', 'WC tầng 1 tòa nhà D35', 2, 4, 1),
(10, 'WC_D35_F1', 'WC tầng 1 tòa nhà D35', 47, 11, 1),
(11, 'WC_D35_F1', 'WC tầng 1 tòa nhà D35', 34, 14, 1),
(12, 'WC_D35_F1', 'WC tầng 1 tòa nhà D35', 2, 16, 1),
(13, 'WC_D35_F1', 'WC tầng 1 tòa nhà D35', 16, 18, 1),
(14, 'WC_D35_F1', 'WC tầng 1 tòa nhà D35', 40, 18, 1),
(15, 'WC_D35_F1', 'WC tầng 1 tòa nhà D35', 47, 18, 1),
(16, 'WC_D35_F1', 'WC tầng 1 tòa nhà D35', 32, 22, 1),
(17, 'WC_D35_F1', 'WC tầng 2 tòa nhà D35', 2, 24, 1),
(18, 'WC_D35_F1', 'WC tầng 1 tòa nhà D35', 47, 26, 1),
(19, 'WC_D35_F1', 'WC tầng 1 tòa nhà D35', 12, 28, 1),
(20, 'WC_D35_F1', 'WC tầng 1 tòa nhà D35', 26, 28, 1),
(21, 'WC_D35_F1', 'WC tầng 1 tòa nhà D35', 35, 34, 1),
(22, 'WC_D35_F1', 'WC tầng 1 tòa nhà D35', 21, 36, 1),
(23, 'WC_D35_F1', 'WC tầng 1 tòa nhà D35', 29, 41, 1),
(24, 'WC_D35_F1', 'WC tầng 1 tòa nhà D35', 31, 46, 1),
(25, 'WS_D9_201', 'Tòa nhà D9', 24, 10, 1);

-- --------------------------------------------------------

--
-- Cấu trúc bảng cho bảng `work_history`
--

CREATE TABLE `work_history` (
  `id` int(11) NOT NULL,
  `staff_id` int(11) DEFAULT NULL,
  `date` date DEFAULT NULL,
  `shift` int(11) DEFAULT NULL
) ENGINE=InnoDB DEFAULT CHARSET=utf8 COLLATE=utf8_unicode_ci;

-- --------------------------------------------------------

--
-- Cấu trúc bảng cho bảng `work_register`
--

CREATE TABLE `work_register` (
  `id` int(11) NOT NULL,
  `staff_id` int(11) DEFAULT NULL,
  `date` date DEFAULT NULL,
  `register_time` datetime DEFAULT NULL,
  `state` varchar(45) COLLATE utf8_unicode_ci DEFAULT 'WAIT'
) ENGINE=InnoDB DEFAULT CHARSET=utf8 COLLATE=utf8_unicode_ci;

--
-- Chỉ mục cho các bảng đã đổ
--

--
-- Chỉ mục cho bảng `guest_location`
--
ALTER TABLE `guest_location`
  ADD PRIMARY KEY (`socket_id`);

--
-- Chỉ mục cho bảng `history_detail`
--
ALTER TABLE `history_detail`
  ADD PRIMARY KEY (`id`),
  ADD KEY `ssss_idx` (`tree_id`),
  ADD KEY `ssssss_idx` (`staff_id`);

--
-- Chỉ mục cho bảng `map`
--
ALTER TABLE `map`
  ADD PRIMARY KEY (`id`);

--
-- Chỉ mục cho bảng `sensor`
--
ALTER TABLE `sensor`
  ADD PRIMARY KEY (`sensor_id`),
  ADD KEY `aaaaaaa_idx` (`current_tree_id`);

--
-- Chỉ mục cho bảng `staff`
--
ALTER TABLE `staff`
  ADD PRIMARY KEY (`staff_id`);

--
-- Chỉ mục cho bảng `tree`
--
ALTER TABLE `tree`
  ADD PRIMARY KEY (`tree_id`),
  ADD KEY `key1_idx` (`tree_type`);

--
-- Chỉ mục cho bảng `tree_lock`
--
ALTER TABLE `tree_lock`
  ADD PRIMARY KEY (`id`),
  ADD KEY `dfgh_idx` (`tree_id`);

--
-- Chỉ mục cho bảng `tree_state`
--
ALTER TABLE `tree_state`
  ADD PRIMARY KEY (`id`),
  ADD KEY `asss_idx` (`tree_id`);

--
-- Chỉ mục cho bảng `tree_type`
--
ALTER TABLE `tree_type`
  ADD PRIMARY KEY (`type_id`);

--
-- Chỉ mục cho bảng `water_station`
--
ALTER TABLE `water_station`
  ADD PRIMARY KEY (`water_id`);

--
-- Chỉ mục cho bảng `work_history`
--
ALTER TABLE `work_history`
  ADD PRIMARY KEY (`id`),
  ADD KEY `llll_idx` (`staff_id`);

--
-- Chỉ mục cho bảng `work_register`
--
ALTER TABLE `work_register`
  ADD PRIMARY KEY (`id`),
  ADD KEY `lj_idx` (`staff_id`);

--
-- AUTO_INCREMENT cho các bảng đã đổ
--

--
-- AUTO_INCREMENT cho bảng `history_detail`
--
ALTER TABLE `history_detail`
  MODIFY `id` int(11) NOT NULL AUTO_INCREMENT, AUTO_INCREMENT=34;
--
-- AUTO_INCREMENT cho bảng `map`
--
ALTER TABLE `map`
  MODIFY `id` int(11) NOT NULL AUTO_INCREMENT, AUTO_INCREMENT=7501;
--
-- AUTO_INCREMENT cho bảng `sensor`
--
ALTER TABLE `sensor`
  MODIFY `sensor_id` int(11) NOT NULL AUTO_INCREMENT, AUTO_INCREMENT=7;
--
-- AUTO_INCREMENT cho bảng `staff`
--
ALTER TABLE `staff`
  MODIFY `staff_id` int(11) NOT NULL AUTO_INCREMENT, AUTO_INCREMENT=5;
--
-- AUTO_INCREMENT cho bảng `tree`
--
ALTER TABLE `tree`
  MODIFY `tree_id` int(11) NOT NULL AUTO_INCREMENT, AUTO_INCREMENT=1638;
--
-- AUTO_INCREMENT cho bảng `tree_lock`
--
ALTER TABLE `tree_lock`
  MODIFY `id` int(11) NOT NULL AUTO_INCREMENT, AUTO_INCREMENT=62;
--
-- AUTO_INCREMENT cho bảng `tree_state`
--
ALTER TABLE `tree_state`
  MODIFY `id` int(11) NOT NULL AUTO_INCREMENT, AUTO_INCREMENT=4;
--
-- AUTO_INCREMENT cho bảng `tree_type`
--
ALTER TABLE `tree_type`
  MODIFY `type_id` int(11) NOT NULL AUTO_INCREMENT, AUTO_INCREMENT=7;
--
-- AUTO_INCREMENT cho bảng `water_station`
--
ALTER TABLE `water_station`
  MODIFY `water_id` int(11) NOT NULL AUTO_INCREMENT, AUTO_INCREMENT=26;
--
-- AUTO_INCREMENT cho bảng `work_history`
--
ALTER TABLE `work_history`
  MODIFY `id` int(11) NOT NULL AUTO_INCREMENT;
--
-- AUTO_INCREMENT cho bảng `work_register`
--
ALTER TABLE `work_register`
  MODIFY `id` int(11) NOT NULL AUTO_INCREMENT;
--
-- Các ràng buộc cho các bảng đã đổ
--

--
-- Các ràng buộc cho bảng `history_detail`
--
ALTER TABLE `history_detail`
  ADD CONSTRAINT `ssss` FOREIGN KEY (`tree_id`) REFERENCES `tree` (`tree_id`) ON DELETE NO ACTION ON UPDATE NO ACTION,
  ADD CONSTRAINT `ssssss` FOREIGN KEY (`staff_id`) REFERENCES `staff` (`staff_id`) ON DELETE NO ACTION ON UPDATE NO ACTION;

--
-- Các ràng buộc cho bảng `sensor`
--
ALTER TABLE `sensor`
  ADD CONSTRAINT `aaaaaaa` FOREIGN KEY (`current_tree_id`) REFERENCES `tree` (`tree_id`) ON DELETE NO ACTION ON UPDATE NO ACTION;

--
-- Các ràng buộc cho bảng `tree`
--
ALTER TABLE `tree`
  ADD CONSTRAINT `key1` FOREIGN KEY (`tree_type`) REFERENCES `tree_type` (`type_id`) ON DELETE NO ACTION ON UPDATE NO ACTION;

--
-- Các ràng buộc cho bảng `tree_lock`
--
ALTER TABLE `tree_lock`
  ADD CONSTRAINT `dfgh` FOREIGN KEY (`tree_id`) REFERENCES `tree` (`tree_id`) ON DELETE NO ACTION ON UPDATE NO ACTION;

--
-- Các ràng buộc cho bảng `tree_state`
--
ALTER TABLE `tree_state`
  ADD CONSTRAINT `asss` FOREIGN KEY (`tree_id`) REFERENCES `tree` (`tree_id`) ON DELETE NO ACTION ON UPDATE NO ACTION;

--
-- Các ràng buộc cho bảng `work_history`
--
ALTER TABLE `work_history`
  ADD CONSTRAINT `llll` FOREIGN KEY (`staff_id`) REFERENCES `staff` (`staff_id`) ON DELETE NO ACTION ON UPDATE NO ACTION;

--
-- Các ràng buộc cho bảng `work_register`
--
ALTER TABLE `work_register`
  ADD CONSTRAINT `lj` FOREIGN KEY (`staff_id`) REFERENCES `staff` (`staff_id`) ON DELETE NO ACTION ON UPDATE NO ACTION;
COMMIT;

/*!40101 SET CHARACTER_SET_CLIENT=@OLD_CHARACTER_SET_CLIENT */;
/*!40101 SET CHARACTER_SET_RESULTS=@OLD_CHARACTER_SET_RESULTS */;
/*!40101 SET COLLATION_CONNECTION=@OLD_COLLATION_CONNECTION */;
