CREATE DATABASE  IF NOT EXISTS `dsd` /*!40100 DEFAULT CHARACTER SET utf8 COLLATE utf8_unicode_ci */;
USE `dsd`;
-- MySQL dump 10.13  Distrib 5.7.17, for Win64 (x86_64)
--
-- Host: localhost    Database: dsd
-- ------------------------------------------------------
-- Server version	5.7.21-log

/*!40101 SET @OLD_CHARACTER_SET_CLIENT=@@CHARACTER_SET_CLIENT */;
/*!40101 SET @OLD_CHARACTER_SET_RESULTS=@@CHARACTER_SET_RESULTS */;
/*!40101 SET @OLD_COLLATION_CONNECTION=@@COLLATION_CONNECTION */;
/*!40101 SET NAMES utf8 */;
/*!40103 SET @OLD_TIME_ZONE=@@TIME_ZONE */;
/*!40103 SET TIME_ZONE='+00:00' */;
/*!40014 SET @OLD_UNIQUE_CHECKS=@@UNIQUE_CHECKS, UNIQUE_CHECKS=0 */;
/*!40014 SET @OLD_FOREIGN_KEY_CHECKS=@@FOREIGN_KEY_CHECKS, FOREIGN_KEY_CHECKS=0 */;
/*!40101 SET @OLD_SQL_MODE=@@SQL_MODE, SQL_MODE='NO_AUTO_VALUE_ON_ZERO' */;
/*!40111 SET @OLD_SQL_NOTES=@@SQL_NOTES, SQL_NOTES=0 */;

--
-- Table structure for table `guest_location`
--

DROP TABLE IF EXISTS `guest_location`;
/*!40101 SET @saved_cs_client     = @@character_set_client */;
/*!40101 SET character_set_client = utf8 */;
CREATE TABLE `guest_location` (
  `socket_id` varchar(45) COLLATE utf8_unicode_ci NOT NULL,
  `staff_id` int(11) DEFAULT NULL,
  `name` varchar(45) COLLATE utf8_unicode_ci DEFAULT NULL,
  `x` int(11) DEFAULT '-1',
  `y` int(11) DEFAULT '-1',
  `enable` int(11) DEFAULT '0',
  PRIMARY KEY (`socket_id`)
) ENGINE=InnoDB DEFAULT CHARSET=utf8 COLLATE=utf8_unicode_ci;
/*!40101 SET character_set_client = @saved_cs_client */;

--
-- Dumping data for table `guest_location`
--

LOCK TABLES `guest_location` WRITE;
/*!40000 ALTER TABLE `guest_location` DISABLE KEYS */;
/*!40000 ALTER TABLE `guest_location` ENABLE KEYS */;
UNLOCK TABLES;

--
-- Table structure for table `history_detail`
--

DROP TABLE IF EXISTS `history_detail`;
/*!40101 SET @saved_cs_client     = @@character_set_client */;
/*!40101 SET character_set_client = utf8 */;
CREATE TABLE `history_detail` (
  `id` int(11) NOT NULL AUTO_INCREMENT,
  `tree_id` int(11) DEFAULT NULL,
  `staff_id` int(11) DEFAULT NULL,
  `time` datetime DEFAULT CURRENT_TIMESTAMP,
  `volume` double DEFAULT NULL,
  PRIMARY KEY (`id`),
  KEY `ssss_idx` (`tree_id`),
  KEY `ssssss_idx` (`staff_id`),
  CONSTRAINT `ssss` FOREIGN KEY (`tree_id`) REFERENCES `tree` (`tree_id`) ON DELETE NO ACTION ON UPDATE NO ACTION,
  CONSTRAINT `ssssss` FOREIGN KEY (`staff_id`) REFERENCES `staff` (`staff_id`) ON DELETE NO ACTION ON UPDATE NO ACTION
) ENGINE=InnoDB AUTO_INCREMENT=30 DEFAULT CHARSET=utf8 COLLATE=utf8_unicode_ci;
/*!40101 SET character_set_client = @saved_cs_client */;

--
-- Dumping data for table `history_detail`
--

LOCK TABLES `history_detail` WRITE;
/*!40000 ALTER TABLE `history_detail` DISABLE KEYS */;
INSERT INTO `history_detail` VALUES (1,1,1,'2018-03-20 22:46:04',1),(2,1,1,'2018-03-20 22:46:25',1),(3,1,1,'2018-03-20 21:46:28',1),(4,1,1,'2018-03-20 20:46:28',1),(5,1,1,'2018-03-20 11:46:29',1),(6,1,1,'2018-03-20 12:46:29',1),(7,1,1,'2018-03-20 14:46:35',1),(8,1,1,'2018-03-20 13:46:36',1),(9,1,1,'2018-03-20 14:46:37',1),(10,1,1,'2018-03-20 15:46:38',1),(11,1,1,'2018-03-20 16:46:38',1),(12,1,1,'2018-03-20 10:46:39',1),(13,3,2,'2018-03-20 22:46:51',1),(14,3,2,'2018-03-20 22:46:52',1),(15,3,2,'2018-03-20 22:46:53',1),(16,3,2,'2018-03-20 22:46:54',1),(17,3,2,'2018-03-20 22:46:56',1),(18,3,2,'2018-03-20 22:46:56',1),(19,3,2,'2018-03-20 22:46:57',1),(20,3,2,'2018-03-20 22:46:58',1),(21,3,2,'2018-03-20 22:46:59',1),(22,3,2,'2018-03-20 22:46:59',1),(23,3,2,'2018-03-20 22:47:00',1),(24,3,2,'2018-03-20 22:47:01',1),(25,3,2,'2018-03-20 22:47:01',1),(26,1,2,'2018-03-20 22:49:07',1),(27,1,2,'2018-04-11 14:45:15',1),(28,2,2,'2018-04-11 14:46:00',1),(29,10,2,'2018-04-11 14:46:36',1);
/*!40000 ALTER TABLE `history_detail` ENABLE KEYS */;
UNLOCK TABLES;

--
-- Table structure for table `map`
--

DROP TABLE IF EXISTS `map`;
/*!40101 SET @saved_cs_client     = @@character_set_client */;
/*!40101 SET character_set_client = utf8 */;
CREATE TABLE `map` (
  `id` int(11) NOT NULL AUTO_INCREMENT,
  `x` int(11) DEFAULT NULL,
  `y` int(11) DEFAULT NULL,
  `value` int(11) DEFAULT '0',
  PRIMARY KEY (`id`)
) ENGINE=InnoDB AUTO_INCREMENT=2501 DEFAULT CHARSET=utf8 COLLATE=utf8_unicode_ci;
/*!40101 SET character_set_client = @saved_cs_client */;

--
-- Dumping data for table `map`
--

LOCK TABLES `map` WRITE;
/*!40000 ALTER TABLE `map` DISABLE KEYS */;
INSERT INTO `map` VALUES (1,0,0,0),(2,0,1,0),(3,0,2,0),(4,0,3,0),(5,0,4,0),(6,0,5,0),(7,0,6,0),(8,0,7,0),(9,0,8,0),(10,0,9,0),(11,0,10,0),(12,0,11,0),(13,0,12,0),(14,0,13,0),(15,0,14,0),(16,0,15,0),(17,0,16,0),(18,0,17,0),(19,0,18,0),(20,0,19,0),(21,0,20,0),(22,0,21,0),(23,0,22,0),(24,0,23,0),(25,0,24,0),(26,0,25,0),(27,0,26,0),(28,0,27,0),(29,0,28,0),(30,0,29,0),(31,0,30,0),(32,0,31,0),(33,0,32,0),(34,0,33,0),(35,0,34,0),(36,0,35,0),(37,0,36,0),(38,0,37,0),(39,0,38,0),(40,0,39,0),(41,0,40,0),(42,0,41,0),(43,0,42,0),(44,0,43,0),(45,0,44,0),(46,0,45,0),(47,0,46,0),(48,0,47,0),(49,0,48,0),(50,0,49,0),(51,1,0,2),(52,1,1,2),(53,1,2,2),(54,1,3,2),(55,1,4,2),(56,1,5,2),(57,1,6,0),(58,1,7,0),(59,1,8,1),(60,1,9,0),(61,1,10,0),(62,1,11,0),(63,1,12,0),(64,1,13,0),(65,1,14,0),(66,1,15,1),(67,1,16,0),(68,1,17,0),(69,1,18,0),(70,1,19,0),(71,1,20,2),(72,1,21,2),(73,1,22,2),(74,1,23,2),(75,1,24,2),(76,1,25,2),(77,1,26,2),(78,1,27,2),(79,1,28,2),(80,1,29,2),(81,1,30,2),(82,1,31,2),(83,1,32,2),(84,1,33,2),(85,1,34,2),(86,1,35,2),(87,1,36,2),(88,1,37,0),(89,1,38,0),(90,1,39,1),(91,1,40,0),(92,1,41,0),(93,1,42,0),(94,1,43,1),(95,1,44,0),(96,1,45,0),(97,1,46,0),(98,1,47,4),(99,1,48,2),(100,1,49,2),(101,2,0,2),(102,2,1,2),(103,2,2,2),(104,2,3,2),(105,2,4,2),(106,2,5,2),(107,2,6,0),(108,2,7,0),(109,2,8,0),(110,2,9,0),(111,2,10,0),(112,2,11,0),(113,2,12,0),(114,2,13,0),(115,2,14,0),(116,2,15,0),(117,2,16,0),(118,2,17,0),(119,2,18,0),(120,2,19,0),(121,2,20,2),(122,2,21,2),(123,2,22,4),(124,2,23,2),(125,2,24,2),(126,2,25,2),(127,2,26,2),(128,2,27,2),(129,2,28,2),(130,2,29,2),(131,2,30,2),(132,2,31,2),(133,2,32,2),(134,2,33,2),(135,2,34,2),(136,2,35,2),(137,2,36,2),(138,2,37,0),(139,2,38,0),(140,2,39,0),(141,2,40,0),(142,2,41,0),(143,2,42,0),(144,2,43,0),(145,2,44,0),(146,2,45,0),(147,2,46,0),(148,2,47,2),(149,2,48,2),(150,2,49,2),(151,3,0,2),(152,3,1,2),(153,3,2,2),(154,3,3,2),(155,3,4,2),(156,3,5,2),(157,3,6,0),(158,3,7,0),(159,3,8,1),(160,3,9,0),(161,3,10,0),(162,3,11,0),(163,3,12,0),(164,3,13,1),(165,3,14,0),(166,3,15,0),(167,3,16,0),(168,3,17,0),(169,3,18,0),(170,3,19,0),(171,3,20,2),(172,3,21,2),(173,3,22,0),(174,3,23,0),(175,3,24,0),(176,3,25,0),(177,3,26,0),(178,3,27,0),(179,3,28,0),(180,3,29,0),(181,3,30,0),(182,3,31,0),(183,3,32,0),(184,3,33,0),(185,3,34,2),(186,3,35,2),(187,3,36,2),(188,3,37,0),(189,3,38,0),(190,3,39,1),(191,3,40,0),(192,3,41,0),(193,3,42,0),(194,3,43,1),(195,3,44,0),(196,3,45,0),(197,3,46,0),(198,3,47,2),(199,3,48,2),(200,3,49,2),(201,4,0,2),(202,4,1,2),(203,4,2,4),(204,4,3,0),(205,4,4,0),(206,4,5,0),(207,4,6,0),(208,4,7,0),(209,4,8,0),(210,4,9,0),(211,4,10,0),(212,4,11,0),(213,4,12,0),(214,4,13,0),(215,4,14,0),(216,4,15,0),(217,4,16,0),(218,4,17,0),(219,4,18,0),(220,4,19,0),(221,4,20,2),(222,4,21,2),(223,4,22,0),(224,4,23,0),(225,4,24,0),(226,4,25,0),(227,4,26,0),(228,4,27,0),(229,4,28,0),(230,4,29,0),(231,4,30,0),(232,4,31,0),(233,4,32,0),(234,4,33,0),(235,4,34,2),(236,4,35,2),(237,4,36,2),(238,4,37,0),(239,4,38,0),(240,4,39,0),(241,4,40,0),(242,4,41,0),(243,4,42,0),(244,4,43,0),(245,4,44,0),(246,4,45,0),(247,4,46,0),(248,4,47,2),(249,4,48,2),(250,4,49,2),(251,5,0,2),(252,5,1,2),(253,5,2,2),(254,5,3,0),(255,5,4,0),(256,5,5,0),(257,5,6,0),(258,5,7,0),(259,5,8,1),(260,5,9,0),(261,5,10,0),(262,5,11,0),(263,5,12,0),(264,5,13,1),(265,5,14,0),(266,5,15,0),(267,5,16,0),(268,5,17,0),(269,5,18,0),(270,5,19,0),(271,5,20,2),(272,5,21,2),(273,5,22,0),(274,5,23,0),(275,5,24,0),(276,5,25,0),(277,5,26,2),(278,5,27,2),(279,5,28,0),(280,5,29,0),(281,5,30,0),(282,5,31,1),(283,5,32,0),(284,5,33,0),(285,5,34,2),(286,5,35,2),(287,5,36,2),(288,5,37,0),(289,5,38,0),(290,5,39,1),(291,5,40,0),(292,5,41,0),(293,5,42,0),(294,5,43,1),(295,5,44,0),(296,5,45,0),(297,5,46,0),(298,5,47,2),(299,5,48,2),(300,5,49,2),(301,6,0,2),(302,6,1,2),(303,6,2,2),(304,6,3,0),(305,6,4,0),(306,6,5,0),(307,6,6,0),(308,6,7,0),(309,6,8,0),(310,6,9,0),(311,6,10,0),(312,6,11,0),(313,6,12,0),(314,6,13,0),(315,6,14,0),(316,6,15,0),(317,6,16,0),(318,6,17,0),(319,6,18,0),(320,6,19,0),(321,6,20,2),(322,6,21,2),(323,6,22,0),(324,6,23,0),(325,6,24,0),(326,6,25,0),(327,6,26,2),(328,6,27,2),(329,6,28,0),(330,6,29,0),(331,6,30,0),(332,6,31,0),(333,6,32,0),(334,6,33,0),(335,6,34,2),(336,6,35,2),(337,6,36,2),(338,6,37,0),(339,6,38,0),(340,6,39,0),(341,6,40,0),(342,6,41,0),(343,6,42,0),(344,6,43,0),(345,6,44,0),(346,6,45,0),(347,6,46,0),(348,6,47,2),(349,6,48,2),(350,6,49,2),(351,7,0,2),(352,7,1,2),(353,7,2,2),(354,7,3,0),(355,7,4,0),(356,7,5,0),(357,7,6,0),(358,7,7,0),(359,7,8,1),(360,7,9,0),(361,7,10,0),(362,7,11,0),(363,7,12,0),(364,7,13,1),(365,7,14,0),(366,7,15,0),(367,7,16,0),(368,7,17,0),(369,7,18,0),(370,7,19,0),(371,7,20,2),(372,7,21,2),(373,7,22,0),(374,7,23,0),(375,7,24,0),(376,7,25,0),(377,7,26,1),(378,7,27,0),(379,7,28,0),(380,7,29,0),(381,7,30,0),(382,7,31,1),(383,7,32,0),(384,7,33,0),(385,7,34,2),(386,7,35,2),(387,7,36,2),(388,7,37,0),(389,7,38,0),(390,7,39,1),(391,7,40,0),(392,7,41,0),(393,7,42,0),(394,7,43,1),(395,7,44,0),(396,7,45,0),(397,7,46,0),(398,7,47,2),(399,7,48,2),(400,7,49,2),(401,8,0,2),(402,8,1,2),(403,8,2,2),(404,8,3,0),(405,8,4,0),(406,8,5,0),(407,8,6,0),(408,8,7,0),(409,8,8,0),(410,8,9,0),(411,8,10,0),(412,8,11,0),(413,8,12,0),(414,8,13,0),(415,8,14,0),(416,8,15,0),(417,8,16,0),(418,8,17,0),(419,8,18,0),(420,8,19,0),(421,8,20,2),(422,8,21,2),(423,8,22,0),(424,8,23,0),(425,8,24,0),(426,8,25,0),(427,8,26,0),(428,8,27,0),(429,8,28,0),(430,8,29,0),(431,8,30,0),(432,8,31,0),(433,8,32,0),(434,8,33,0),(435,8,34,2),(436,8,35,2),(437,8,36,2),(438,8,37,0),(439,8,38,0),(440,8,39,0),(441,8,40,0),(442,8,41,0),(443,8,42,0),(444,8,43,0),(445,8,44,0),(446,8,45,0),(447,8,46,0),(448,8,47,0),(449,8,48,0),(450,8,49,0),(451,9,0,2),(452,9,1,2),(453,9,2,2),(454,9,3,0),(455,9,4,0),(456,9,5,0),(457,9,6,0),(458,9,7,0),(459,9,8,1),(460,9,9,0),(461,9,10,0),(462,9,11,0),(463,9,12,0),(464,9,13,1),(465,9,14,0),(466,9,15,0),(467,9,16,0),(468,9,17,0),(469,9,18,0),(470,9,19,0),(471,9,20,2),(472,9,21,2),(473,9,22,0),(474,9,23,0),(475,9,24,0),(476,9,25,0),(477,9,26,1),(478,9,27,0),(479,9,28,0),(480,9,29,0),(481,9,30,0),(482,9,31,1),(483,9,32,0),(484,9,33,0),(485,9,34,2),(486,9,35,2),(487,9,36,2),(488,9,37,0),(489,9,38,0),(490,9,39,1),(491,9,40,0),(492,9,41,0),(493,9,42,0),(494,9,43,1),(495,9,44,0),(496,9,45,0),(497,9,46,0),(498,9,47,1),(499,9,48,0),(500,9,49,0),(501,10,0,2),(502,10,1,2),(503,10,2,2),(504,10,3,0),(505,10,4,0),(506,10,5,0),(507,10,6,0),(508,10,7,0),(509,10,8,0),(510,10,9,0),(511,10,10,0),(512,10,11,0),(513,10,12,0),(514,10,13,0),(515,10,14,0),(516,10,15,0),(517,10,16,0),(518,10,17,0),(519,10,18,0),(520,10,19,0),(521,10,20,2),(522,10,21,2),(523,10,22,2),(524,10,23,2),(525,10,24,0),(526,10,25,0),(527,10,26,0),(528,10,27,0),(529,10,28,0),(530,10,29,0),(531,10,30,0),(532,10,31,2),(533,10,32,2),(534,10,33,2),(535,10,34,2),(536,10,35,2),(537,10,36,2),(538,10,37,0),(539,10,38,0),(540,10,39,0),(541,10,40,0),(542,10,41,0),(543,10,42,0),(544,10,43,0),(545,10,44,0),(546,10,45,0),(547,10,46,0),(548,10,47,0),(549,10,48,0),(550,10,49,0),(551,11,0,2),(552,11,1,2),(553,11,2,2),(554,11,3,0),(555,11,4,0),(556,11,5,0),(557,11,6,0),(558,11,7,0),(559,11,8,0),(560,11,9,0),(561,11,10,0),(562,11,11,0),(563,11,12,0),(564,11,13,0),(565,11,14,0),(566,11,15,0),(567,11,16,0),(568,11,17,0),(569,11,18,0),(570,11,19,1),(571,11,20,0),(572,11,21,0),(573,11,22,0),(574,11,23,0),(575,11,24,0),(576,11,25,0),(577,11,26,1),(578,11,27,0),(579,11,28,0),(580,11,29,0),(581,11,30,0),(582,11,31,0),(583,11,32,0),(584,11,33,0),(585,11,34,0),(586,11,35,0),(587,11,36,0),(588,11,37,0),(589,11,38,0),(590,11,39,0),(591,11,40,0),(592,11,41,0),(593,11,42,0),(594,11,43,0),(595,11,44,0),(596,11,45,0),(597,11,46,0),(598,11,47,4),(599,11,48,2),(600,11,49,2),(601,12,0,2),(602,12,1,2),(603,12,2,2),(604,12,3,0),(605,12,4,0),(606,12,5,0),(607,12,6,1),(608,12,7,0),(609,12,8,0),(610,12,9,0),(611,12,10,0),(612,12,11,0),(613,12,12,0),(614,12,13,1),(615,12,14,0),(616,12,15,0),(617,12,16,0),(618,12,17,0),(619,12,18,0),(620,12,19,0),(621,12,20,0),(622,12,21,0),(623,12,22,0),(624,12,23,0),(625,12,24,0),(626,12,25,0),(627,12,26,0),(628,12,27,1),(629,12,28,0),(630,12,29,0),(631,12,30,0),(632,12,31,0),(633,12,32,0),(634,12,33,0),(635,12,34,0),(636,12,35,0),(637,12,36,0),(638,12,37,0),(639,12,38,1),(640,12,39,0),(641,12,40,0),(642,12,41,0),(643,12,42,1),(644,12,43,0),(645,12,44,0),(646,12,45,0),(647,12,46,0),(648,12,47,2),(649,12,48,2),(650,12,49,2),(651,13,0,2),(652,13,1,2),(653,13,2,2),(654,13,3,0),(655,13,4,0),(656,13,5,0),(657,13,6,0),(658,13,7,0),(659,13,8,0),(660,13,9,0),(661,13,10,0),(662,13,11,0),(663,13,12,0),(664,13,13,0),(665,13,14,0),(666,13,15,0),(667,13,16,0),(668,13,17,0),(669,13,18,0),(670,13,19,1),(671,13,20,0),(672,13,21,0),(673,13,22,0),(674,13,23,0),(675,13,24,0),(676,13,25,0),(677,13,26,1),(678,13,27,0),(679,13,28,0),(680,13,29,0),(681,13,30,0),(682,13,31,0),(683,13,32,0),(684,13,33,0),(685,13,34,0),(686,13,35,0),(687,13,36,0),(688,13,37,0),(689,13,38,0),(690,13,39,0),(691,13,40,0),(692,13,41,0),(693,13,42,0),(694,13,43,0),(695,13,44,0),(696,13,45,0),(697,13,46,0),(698,13,47,2),(699,13,48,2),(700,13,49,2),(701,14,0,2),(702,14,1,2),(703,14,2,2),(704,14,3,0),(705,14,4,0),(706,14,5,0),(707,14,6,1),(708,14,7,0),(709,14,8,0),(710,14,9,0),(711,14,10,0),(712,14,11,0),(713,14,12,0),(714,14,13,1),(715,14,14,0),(716,14,15,0),(717,14,16,0),(718,14,17,0),(719,14,18,0),(720,14,19,0),(721,14,20,0),(722,14,21,0),(723,14,22,0),(724,14,23,0),(725,14,24,0),(726,14,25,0),(727,14,26,0),(728,14,27,0),(729,14,28,0),(730,14,29,0),(731,14,30,0),(732,14,31,0),(733,14,32,0),(734,14,33,0),(735,14,34,4),(736,14,35,2),(737,14,36,2),(738,14,37,2),(739,14,38,2),(740,14,39,2),(741,14,40,2),(742,14,41,0),(743,14,42,0),(744,14,43,0),(745,14,44,0),(746,14,45,0),(747,14,46,0),(748,14,47,2),(749,14,48,2),(750,14,49,2),(751,15,0,0),(752,15,1,0),(753,15,2,0),(754,15,3,0),(755,15,4,0),(756,15,5,0),(757,15,6,0),(758,15,7,0),(759,15,8,0),(760,15,9,0),(761,15,10,0),(762,15,11,0),(763,15,12,0),(764,15,13,0),(765,15,14,0),(766,15,15,0),(767,15,16,0),(768,15,17,0),(769,15,18,0),(770,15,19,1),(771,15,20,0),(772,15,21,0),(773,15,22,0),(774,15,23,0),(775,15,24,0),(776,15,25,0),(777,15,26,1),(778,15,27,0),(779,15,28,0),(780,15,29,0),(781,15,30,0),(782,15,31,0),(783,15,32,0),(784,15,33,0),(785,15,34,2),(786,15,35,2),(787,15,36,2),(788,15,37,2),(789,15,38,2),(790,15,39,2),(791,15,40,2),(792,15,41,0),(793,15,42,0),(794,15,43,0),(795,15,44,0),(796,15,45,0),(797,15,46,0),(798,15,47,2),(799,15,48,2),(800,15,49,2),(801,16,0,2),(802,16,1,2),(803,16,2,4),(804,16,3,0),(805,16,4,0),(806,16,5,0),(807,16,6,1),(808,16,7,0),(809,16,8,0),(810,16,9,0),(811,16,10,0),(812,16,11,0),(813,16,12,0),(814,16,13,0),(815,16,14,0),(816,16,15,0),(817,16,16,0),(818,16,17,0),(819,16,18,0),(820,16,19,0),(821,16,20,0),(822,16,21,0),(823,16,22,0),(824,16,23,0),(825,16,24,0),(826,16,25,0),(827,16,26,0),(828,16,27,0),(829,16,28,0),(830,16,29,0),(831,16,30,0),(832,16,31,0),(833,16,32,0),(834,16,33,0),(835,16,34,2),(836,16,35,2),(837,16,36,2),(838,16,37,2),(839,16,38,2),(840,16,39,2),(841,16,40,2),(842,16,41,0),(843,16,42,0),(844,16,43,0),(845,16,44,0),(846,16,45,0),(847,16,46,0),(848,16,47,2),(849,16,48,2),(850,16,49,2),(851,17,0,2),(852,17,1,2),(853,17,2,2),(854,17,3,0),(855,17,4,0),(856,17,5,0),(857,17,6,0),(858,17,7,0),(859,17,8,0),(860,17,9,0),(861,17,10,0),(862,17,11,0),(863,17,12,0),(864,17,13,0),(865,17,14,0),(866,17,15,0),(867,17,16,0),(868,17,17,0),(869,17,18,0),(870,17,19,1),(871,17,20,0),(872,17,21,0),(873,17,22,0),(874,17,23,0),(875,17,24,0),(876,17,25,0),(877,17,26,1),(878,17,27,0),(879,17,28,0),(880,17,29,0),(881,17,30,0),(882,17,31,0),(883,17,32,0),(884,17,33,0),(885,17,34,2),(886,17,35,2),(887,17,36,2),(888,17,37,2),(889,17,38,2),(890,17,39,2),(891,17,40,2),(892,17,41,0),(893,17,42,0),(894,17,43,0),(895,17,44,0),(896,17,45,0),(897,17,46,0),(898,17,47,2),(899,17,48,2),(900,17,49,2),(901,18,0,2),(902,18,1,2),(903,18,2,2),(904,18,3,0),(905,18,4,0),(906,18,5,0),(907,18,6,1),(908,18,7,0),(909,18,8,0),(910,18,9,0),(911,18,10,0),(912,18,11,0),(913,18,12,0),(914,18,13,0),(915,18,14,2),(916,18,15,2),(917,18,16,4),(918,18,17,0),(919,18,18,0),(920,18,19,0),(921,18,20,0),(922,18,21,0),(923,18,22,0),(924,18,23,0),(925,18,24,0),(926,18,25,0),(927,18,26,0),(928,18,27,0),(929,18,28,0),(930,18,29,0),(931,18,30,0),(932,18,31,0),(933,18,32,0),(934,18,33,0),(935,18,34,2),(936,18,35,2),(937,18,36,2),(938,18,37,2),(939,18,38,2),(940,18,39,2),(941,18,40,4),(942,18,41,0),(943,18,42,0),(944,18,43,0),(945,18,44,0),(946,18,45,0),(947,18,46,0),(948,18,47,4),(949,18,48,2),(950,18,49,2),(951,19,0,0),(952,19,1,0),(953,19,2,0),(954,19,3,0),(955,19,4,0),(956,19,5,0),(957,19,6,0),(958,19,7,0),(959,19,8,0),(960,19,9,0),(961,19,10,0),(962,19,11,0),(963,19,12,0),(964,19,13,0),(965,19,14,2),(966,19,15,2),(967,19,16,2),(968,19,17,0),(969,19,18,0),(970,19,19,1),(971,19,20,0),(972,19,21,0),(973,19,22,0),(974,19,23,0),(975,19,24,0),(976,19,25,0),(977,19,26,1),(978,19,27,0),(979,19,28,0),(980,19,29,0),(981,19,30,0),(982,19,31,0),(983,19,32,0),(984,19,33,0),(985,19,34,0),(986,19,35,0),(987,19,36,0),(988,19,37,0),(989,19,38,0),(990,19,39,0),(991,19,40,0),(992,19,41,0),(993,19,42,0),(994,19,43,0),(995,19,44,0),(996,19,45,0),(997,19,46,0),(998,19,47,2),(999,19,48,2),(1000,19,49,2),(1001,20,0,0),(1002,20,1,0),(1003,20,2,0),(1004,20,3,0),(1005,20,4,0),(1006,20,5,0),(1007,20,6,0),(1008,20,7,0),(1009,20,8,0),(1010,20,9,0),(1011,20,10,0),(1012,20,11,0),(1013,20,12,0),(1014,20,13,0),(1015,20,14,2),(1016,20,15,2),(1017,20,16,2),(1018,20,17,0),(1019,20,18,0),(1020,20,19,0),(1021,20,20,0),(1022,20,21,0),(1023,20,22,0),(1024,20,23,0),(1025,20,24,0),(1026,20,25,0),(1027,20,26,0),(1028,20,27,0),(1029,20,28,0),(1030,20,29,0),(1031,20,30,0),(1032,20,31,0),(1033,20,32,0),(1034,20,33,0),(1035,20,34,1),(1036,20,35,0),(1037,20,36,0),(1038,20,37,0),(1039,20,38,0),(1040,20,39,0),(1041,20,40,0),(1042,20,41,0),(1043,20,42,0),(1044,20,43,1),(1045,20,44,0),(1046,20,45,0),(1047,20,46,0),(1048,20,47,2),(1049,20,48,2),(1050,20,49,2),(1051,21,0,0),(1052,21,1,0),(1053,21,2,0),(1054,21,3,0),(1055,21,4,0),(1056,21,5,0),(1057,21,6,0),(1058,21,7,0),(1059,21,8,0),(1060,21,9,0),(1061,21,10,0),(1062,21,11,0),(1063,21,12,0),(1064,21,13,0),(1065,21,14,0),(1066,21,15,0),(1067,21,16,0),(1068,21,17,0),(1069,21,18,0),(1070,21,19,1),(1071,21,20,0),(1072,21,21,0),(1073,21,22,0),(1074,21,23,0),(1075,21,24,0),(1076,21,25,0),(1077,21,26,1),(1078,21,27,0),(1079,21,28,0),(1080,21,29,0),(1081,21,30,0),(1082,21,31,0),(1083,21,32,0),(1084,21,33,0),(1085,21,34,0),(1086,21,35,0),(1087,21,36,0),(1088,21,37,0),(1089,21,38,0),(1090,21,39,0),(1091,21,40,0),(1092,21,41,0),(1093,21,42,0),(1094,21,43,0),(1095,21,44,0),(1096,21,45,0),(1097,21,46,0),(1098,21,47,2),(1099,21,48,2),(1100,21,49,2),(1101,22,0,0),(1102,22,1,0),(1103,22,2,0),(1104,22,3,0),(1105,22,4,0),(1106,22,5,0),(1107,22,6,2),(1108,22,7,2),(1109,22,8,2),(1110,22,9,2),(1111,22,10,2),(1112,22,11,2),(1113,22,12,2),(1114,22,13,2),(1115,22,14,2),(1116,22,15,2),(1117,22,16,2),(1118,22,17,2),(1119,22,18,2),(1120,22,19,2),(1121,22,20,2),(1122,22,21,2),(1123,22,22,2),(1124,22,23,2),(1125,22,24,2),(1126,22,25,2),(1127,22,26,2),(1128,22,27,2),(1129,22,28,2),(1130,22,29,2),(1131,22,30,2),(1132,22,31,2),(1133,22,32,4),(1134,22,33,0),(1135,22,34,1),(1136,22,35,0),(1137,22,36,0),(1138,22,37,0),(1139,22,38,0),(1140,22,39,0),(1141,22,40,0),(1142,22,41,0),(1143,22,42,0),(1144,22,43,1),(1145,22,44,0),(1146,22,45,0),(1147,22,46,0),(1148,22,47,2),(1149,22,48,2),(1150,22,49,2),(1151,23,0,0),(1152,23,1,0),(1153,23,2,0),(1154,23,3,0),(1155,23,4,0),(1156,23,5,0),(1157,23,6,0),(1158,23,7,0),(1159,23,8,0),(1160,23,9,0),(1161,23,10,0),(1162,23,11,0),(1163,23,12,0),(1164,23,13,0),(1165,23,14,0),(1166,23,15,0),(1167,23,16,0),(1168,23,17,0),(1169,23,18,0),(1170,23,19,1),(1171,23,20,0),(1172,23,21,0),(1173,23,22,0),(1174,23,23,0),(1175,23,24,0),(1176,23,25,0),(1177,23,26,1),(1178,23,27,0),(1179,23,28,0),(1180,23,29,0),(1181,23,30,0),(1182,23,31,0),(1183,23,32,0),(1184,23,33,0),(1185,23,34,0),(1186,23,35,0),(1187,23,36,0),(1188,23,37,0),(1189,23,38,0),(1190,23,39,0),(1191,23,40,0),(1192,23,41,0),(1193,23,42,0),(1194,23,43,0),(1195,23,44,0),(1196,23,45,0),(1197,23,46,0),(1198,23,47,0),(1199,23,48,0),(1200,23,49,0),(1201,24,0,2),(1202,24,1,2),(1203,24,2,4),(1204,24,3,0),(1205,24,4,0),(1206,24,5,0),(1207,24,6,0),(1208,24,7,1),(1209,24,8,0),(1210,24,9,0),(1211,24,10,0),(1212,24,11,0),(1213,24,12,0),(1214,24,13,1),(1215,24,14,0),(1216,24,15,0),(1217,24,16,0),(1218,24,17,0),(1219,24,18,0),(1220,24,19,0),(1221,24,20,0),(1222,24,21,0),(1223,24,22,0),(1224,24,23,0),(1225,24,24,0),(1226,24,25,0),(1227,24,26,0),(1228,24,27,0),(1229,24,28,0),(1230,24,29,0),(1231,24,30,0),(1232,24,31,0),(1233,24,32,0),(1234,24,33,0),(1235,24,34,1),(1236,24,35,0),(1237,24,36,0),(1238,24,37,0),(1239,24,38,0),(1240,24,39,0),(1241,24,40,0),(1242,24,41,0),(1243,24,42,0),(1244,24,43,1),(1245,24,44,0),(1246,24,45,0),(1247,24,46,0),(1248,24,47,0),(1249,24,48,0),(1250,24,49,0),(1251,25,0,2),(1252,25,1,2),(1253,25,2,2),(1254,25,3,0),(1255,25,4,0),(1256,25,5,0),(1257,25,6,0),(1258,25,7,0),(1259,25,8,0),(1260,25,9,0),(1261,25,10,0),(1262,25,11,0),(1263,25,12,0),(1264,25,13,0),(1265,25,14,0),(1266,25,15,0),(1267,25,16,0),(1268,25,17,0),(1269,25,18,0),(1270,25,19,1),(1271,25,20,0),(1272,25,21,0),(1273,25,22,0),(1274,25,23,0),(1275,25,24,0),(1276,25,25,0),(1277,25,26,1),(1278,25,27,0),(1279,25,28,0),(1280,25,29,0),(1281,25,30,0),(1282,25,31,0),(1283,25,32,0),(1284,25,33,0),(1285,25,34,0),(1286,25,35,0),(1287,25,36,0),(1288,25,37,0),(1289,25,38,0),(1290,25,39,0),(1291,25,40,0),(1292,25,41,0),(1293,25,42,0),(1294,25,43,0),(1295,25,44,0),(1296,25,45,0),(1297,25,46,0),(1298,25,47,0),(1299,25,48,0),(1300,25,49,0),(1301,26,0,2),(1302,26,1,2),(1303,26,2,2),(1304,26,3,0),(1305,26,4,0),(1306,26,5,0),(1307,26,6,0),(1308,26,7,0),(1309,26,8,0),(1310,26,9,0),(1311,26,10,0),(1312,26,11,0),(1313,26,12,0),(1314,26,13,0),(1315,26,14,0),(1316,26,15,0),(1317,26,16,0),(1318,26,17,0),(1319,26,18,0),(1320,26,19,0),(1321,26,20,0),(1322,26,21,0),(1323,26,22,0),(1324,26,23,0),(1325,26,24,0),(1326,26,25,0),(1327,26,26,0),(1328,26,27,0),(1329,26,28,0),(1330,26,29,0),(1331,26,30,0),(1332,26,31,0),(1333,26,32,0),(1334,26,33,0),(1335,26,34,0),(1336,26,35,2),(1337,26,36,2),(1338,26,37,2),(1339,26,38,0),(1340,26,39,0),(1341,26,40,1),(1342,26,41,0),(1343,26,42,0),(1344,26,43,0),(1345,26,44,1),(1346,26,45,0),(1347,26,46,0),(1348,26,47,4),(1349,26,48,2),(1350,26,49,2),(1351,27,0,2),(1352,27,1,2),(1353,27,2,2),(1354,27,3,0),(1355,27,4,0),(1356,27,5,0),(1357,27,6,0),(1358,27,7,1),(1359,27,8,0),(1360,27,9,0),(1361,27,10,0),(1362,27,11,0),(1363,27,12,0),(1364,27,13,1),(1365,27,14,0),(1366,27,15,0),(1367,27,16,0),(1368,27,17,0),(1369,27,18,0),(1370,27,19,1),(1371,27,20,0),(1372,27,21,0),(1373,27,22,0),(1374,27,23,0),(1375,27,24,0),(1376,27,25,0),(1377,27,26,1),(1378,27,27,0),(1379,27,28,0),(1380,27,29,0),(1381,27,30,0),(1382,27,31,0),(1383,27,32,0),(1384,27,33,0),(1385,27,34,0),(1386,27,35,2),(1387,27,36,2),(1388,27,37,2),(1389,27,38,0),(1390,27,39,0),(1391,27,40,0),(1392,27,41,0),(1393,27,42,0),(1394,27,43,0),(1395,27,44,0),(1396,27,45,0),(1397,27,46,0),(1398,27,47,2),(1399,27,48,2),(1400,27,49,2),(1401,28,0,2),(1402,28,1,2),(1403,28,2,2),(1404,28,3,0),(1405,28,4,0),(1406,28,5,0),(1407,28,6,0),(1408,28,7,0),(1409,28,8,0),(1410,28,9,0),(1411,28,10,0),(1412,28,11,0),(1413,28,12,4),(1414,28,13,2),(1415,28,14,2),(1416,28,15,2),(1417,28,16,2),(1418,28,17,2),(1419,28,18,0),(1420,28,19,0),(1421,28,20,0),(1422,28,21,0),(1423,28,22,0),(1424,28,23,0),(1425,28,24,0),(1426,28,25,0),(1427,28,26,4),(1428,28,27,2),(1429,28,28,2),(1430,28,29,2),(1431,28,30,0),(1432,28,31,0),(1433,28,32,1),(1434,28,33,0),(1435,28,34,0),(1436,28,35,2),(1437,28,36,2),(1438,28,37,2),(1439,28,38,0),(1440,28,39,0),(1441,28,40,0),(1442,28,41,0),(1443,28,42,0),(1444,28,43,0),(1445,28,44,0),(1446,28,45,0),(1447,28,46,0),(1448,28,47,2),(1449,28,48,2),(1450,28,49,2),(1451,29,0,2),(1452,29,1,2),(1453,29,2,2),(1454,29,3,0),(1455,29,4,0),(1456,29,5,0),(1457,29,6,0),(1458,29,7,0),(1459,29,8,0),(1460,29,9,0),(1461,29,10,0),(1462,29,11,0),(1463,29,12,2),(1464,29,13,2),(1465,29,14,2),(1466,29,15,2),(1467,29,16,2),(1468,29,17,2),(1469,29,18,0),(1470,29,19,0),(1471,29,20,0),(1472,29,21,0),(1473,29,22,0),(1474,29,23,0),(1475,29,24,0),(1476,29,25,0),(1477,29,26,2),(1478,29,27,2),(1479,29,28,2),(1480,29,29,2),(1481,29,30,0),(1482,29,31,0),(1483,29,32,0),(1484,29,33,0),(1485,29,34,0),(1486,29,35,2),(1487,29,36,2),(1488,29,37,2),(1489,29,38,0),(1490,29,39,0),(1491,29,40,1),(1492,29,41,0),(1493,29,42,0),(1494,29,43,0),(1495,29,44,1),(1496,29,45,0),(1497,29,46,0),(1498,29,47,2),(1499,29,48,2),(1500,29,49,2),(1501,30,0,2),(1502,30,1,2),(1503,30,2,2),(1504,30,3,0),(1505,30,4,0),(1506,30,5,0),(1507,30,6,0),(1508,30,7,1),(1509,30,8,0),(1510,30,9,0),(1511,30,10,0),(1512,30,11,0),(1513,30,12,0),(1514,30,13,1),(1515,30,14,0),(1516,30,15,0),(1517,30,16,0),(1518,30,17,0),(1519,30,18,0),(1520,30,19,0),(1521,30,20,0),(1522,30,21,0),(1523,30,22,0),(1524,30,23,0),(1525,30,24,0),(1526,30,25,0),(1527,30,26,0),(1528,30,27,0),(1529,30,28,0),(1530,30,29,0),(1531,30,30,0),(1532,30,31,0),(1533,30,32,0),(1534,30,33,0),(1535,30,34,0),(1536,30,35,2),(1537,30,36,2),(1538,30,37,2),(1539,30,38,0),(1540,30,39,0),(1541,30,40,0),(1542,30,41,0),(1543,30,42,0),(1544,30,43,0),(1545,30,44,0),(1546,30,45,0),(1547,30,46,0),(1548,30,47,2),(1549,30,48,2),(1550,30,49,2),(1551,31,0,2),(1552,31,1,2),(1553,31,2,2),(1554,31,3,0),(1555,31,4,0),(1556,31,5,0),(1557,31,6,0),(1558,31,7,0),(1559,31,8,0),(1560,31,9,0),(1561,31,10,0),(1562,31,11,0),(1563,31,12,0),(1564,31,13,0),(1565,31,14,0),(1566,31,15,0),(1567,31,16,0),(1568,31,17,0),(1569,31,18,0),(1570,31,19,1),(1571,31,20,0),(1572,31,21,0),(1573,31,22,0),(1574,31,23,0),(1575,31,24,0),(1576,31,25,0),(1577,31,26,1),(1578,31,27,0),(1579,31,28,0),(1580,31,29,0),(1581,31,30,0),(1582,31,31,0),(1583,31,32,1),(1584,31,33,0),(1585,31,34,0),(1586,31,35,2),(1587,31,36,2),(1588,31,37,2),(1589,31,38,0),(1590,31,39,0),(1591,31,40,0),(1592,31,41,0),(1593,31,42,0),(1594,31,43,0),(1595,31,44,0),(1596,31,45,0),(1597,31,46,0),(1598,31,47,2),(1599,31,48,2),(1600,31,49,2),(1601,32,0,2),(1602,32,1,2),(1603,32,2,2),(1604,32,3,0),(1605,32,4,0),(1606,32,5,0),(1607,32,6,0),(1608,32,7,0),(1609,32,8,0),(1610,32,9,0),(1611,32,10,0),(1612,32,11,0),(1613,32,12,0),(1614,32,13,0),(1615,32,14,0),(1616,32,15,0),(1617,32,16,0),(1618,32,17,0),(1619,32,18,0),(1620,32,19,0),(1621,32,20,0),(1622,32,21,0),(1623,32,22,0),(1624,32,23,0),(1625,32,24,0),(1626,32,25,0),(1627,32,26,0),(1628,32,27,0),(1629,32,28,0),(1630,32,29,0),(1631,32,30,0),(1632,32,31,0),(1633,32,32,0),(1634,32,33,0),(1635,32,34,0),(1636,32,35,2),(1637,32,36,2),(1638,32,37,2),(1639,32,38,0),(1640,32,39,0),(1641,32,40,1),(1642,32,41,0),(1643,32,42,0),(1644,32,43,0),(1645,32,44,1),(1646,32,45,0),(1647,32,46,0),(1648,32,47,2),(1649,32,48,2),(1650,32,49,2),(1651,33,0,2),(1652,33,1,2),(1653,33,2,2),(1654,33,3,0),(1655,33,4,0),(1656,33,5,0),(1657,33,6,0),(1658,33,7,1),(1659,33,8,0),(1660,33,9,0),(1661,33,10,0),(1662,33,11,0),(1663,33,12,0),(1664,33,13,1),(1665,33,14,0),(1666,33,15,0),(1667,33,16,0),(1668,33,17,0),(1669,33,18,0),(1670,33,19,1),(1671,33,20,0),(1672,33,21,0),(1673,33,22,0),(1674,33,23,0),(1675,33,24,0),(1676,33,25,0),(1677,33,26,1),(1678,33,27,0),(1679,33,28,0),(1680,33,29,0),(1681,33,30,0),(1682,33,31,0),(1683,33,32,1),(1684,33,33,0),(1685,33,34,0),(1686,33,35,2),(1687,33,36,2),(1688,33,37,2),(1689,33,38,0),(1690,33,39,0),(1691,33,40,0),(1692,33,41,0),(1693,33,42,0),(1694,33,43,0),(1695,33,44,0),(1696,33,45,0),(1697,33,46,0),(1698,33,47,2),(1699,33,48,2),(1700,33,49,2),(1701,34,0,2),(1702,34,1,2),(1703,34,2,2),(1704,34,3,2),(1705,34,4,2),(1706,34,5,2),(1707,34,6,2),(1708,34,7,2),(1709,34,8,2),(1710,34,9,2),(1711,34,10,2),(1712,34,11,2),(1713,34,12,2),(1714,34,13,2),(1715,34,14,2),(1716,34,15,2),(1717,34,16,2),(1718,34,17,2),(1719,34,18,2),(1720,34,19,2),(1721,34,20,2),(1722,34,21,2),(1723,34,22,2),(1724,34,23,2),(1725,34,24,0),(1726,34,25,0),(1727,34,26,0),(1728,34,27,0),(1729,34,28,0),(1730,34,29,0),(1731,34,30,0),(1732,34,31,0),(1733,34,32,0),(1734,34,33,0),(1735,34,34,0),(1736,34,35,4),(1737,34,36,2),(1738,34,37,2),(1739,34,38,0),(1740,34,39,0),(1741,34,40,1),(1742,34,41,0),(1743,34,42,0),(1744,34,43,0),(1745,34,44,1),(1746,34,45,0),(1747,34,46,0),(1748,34,47,2),(1749,34,48,2),(1750,34,49,2),(1751,35,0,2),(1752,35,1,2),(1753,35,2,2),(1754,35,3,2),(1755,35,4,2),(1756,35,5,2),(1757,35,6,2),(1758,35,7,2),(1759,35,8,2),(1760,35,9,2),(1761,35,10,2),(1762,35,11,2),(1763,35,12,2),(1764,35,13,2),(1765,35,14,2),(1766,35,15,2),(1767,35,16,2),(1768,35,17,2),(1769,35,18,2),(1770,35,19,2),(1771,35,20,2),(1772,35,21,2),(1773,35,22,2),(1774,35,23,2),(1775,35,24,0),(1776,35,25,0),(1777,35,26,0),(1778,35,27,0),(1779,35,28,0),(1780,35,29,2),(1781,35,30,2),(1782,35,31,2),(1783,35,32,0),(1784,35,33,0),(1785,35,34,0),(1786,35,35,0),(1787,35,36,0),(1788,35,37,0),(1789,35,38,0),(1790,35,39,0),(1791,35,40,0),(1792,35,41,0),(1793,35,42,0),(1794,35,43,1),(1795,35,44,0),(1796,35,45,0),(1797,35,46,0),(1798,35,47,2),(1799,35,48,2),(1800,35,49,2),(1801,36,0,2),(1802,36,1,2),(1803,36,2,2),(1804,36,3,2),(1805,36,4,2),(1806,36,5,2),(1807,36,6,2),(1808,36,7,2),(1809,36,8,2),(1810,36,9,2),(1811,36,10,2),(1812,36,11,2),(1813,36,12,2),(1814,36,13,2),(1815,36,14,2),(1816,36,15,2),(1817,36,16,2),(1818,36,17,2),(1819,36,18,2),(1820,36,19,2),(1821,36,20,2),(1822,36,21,4),(1823,36,22,2),(1824,36,23,2),(1825,36,24,0),(1826,36,25,0),(1827,36,26,0),(1828,36,27,0),(1829,36,28,0),(1830,36,29,2),(1831,36,30,2),(1832,36,31,2),(1833,36,32,0),(1834,36,33,0),(1835,36,34,0),(1836,36,35,0),(1837,36,36,0),(1838,36,37,0),(1839,36,38,0),(1840,36,39,0),(1841,36,40,0),(1842,36,41,0),(1843,36,42,0),(1844,36,43,0),(1845,36,44,0),(1846,36,45,0),(1847,36,46,0),(1848,36,47,2),(1849,36,48,2),(1850,36,49,2),(1851,37,0,0),(1852,37,1,0),(1853,37,2,0),(1854,37,3,0),(1855,37,4,0),(1856,37,5,0),(1857,37,6,0),(1858,37,7,0),(1859,37,8,0),(1860,37,9,0),(1861,37,10,0),(1862,37,11,0),(1863,37,12,0),(1864,37,13,0),(1865,37,14,0),(1866,37,15,0),(1867,37,16,0),(1868,37,17,0),(1869,37,18,0),(1870,37,19,0),(1871,37,20,0),(1872,37,21,0),(1873,37,22,2),(1874,37,23,2),(1875,37,24,0),(1876,37,25,0),(1877,37,26,0),(1878,37,27,0),(1879,37,28,0),(1880,37,29,2),(1881,37,30,2),(1882,37,31,2),(1883,37,32,0),(1884,37,33,0),(1885,37,34,0),(1886,37,35,1),(1887,37,36,0),(1888,37,37,0),(1889,37,38,0),(1890,37,39,0),(1891,37,40,0),(1892,37,41,0),(1893,37,42,0),(1894,37,43,1),(1895,37,44,0),(1896,37,45,0),(1897,37,46,0),(1898,37,47,0),(1899,37,48,0),(1900,37,49,0),(1901,38,0,0),(1902,38,1,0),(1903,38,2,1),(1904,38,3,0),(1905,38,4,0),(1906,38,5,0),(1907,38,6,0),(1908,38,7,0),(1909,38,8,0),(1910,38,9,1),(1911,38,10,0),(1912,38,11,0),(1913,38,12,0),(1914,38,13,0),(1915,38,14,0),(1916,38,15,0),(1917,38,16,1),(1918,38,17,0),(1919,38,18,0),(1920,38,19,0),(1921,38,20,0),(1922,38,21,0),(1923,38,22,2),(1924,38,23,2),(1925,38,24,0),(1926,38,25,0),(1927,38,26,0),(1928,38,27,0),(1929,38,28,0),(1930,38,29,2),(1931,38,30,2),(1932,38,31,2),(1933,38,32,0),(1934,38,33,0),(1935,38,34,0),(1936,38,35,0),(1937,38,36,0),(1938,38,37,0),(1939,38,38,0),(1940,38,39,0),(1941,38,40,0),(1942,38,41,0),(1943,38,42,0),(1944,38,43,0),(1945,38,44,0),(1946,38,45,0),(1947,38,46,0),(1948,38,47,0),(1949,38,48,0),(1950,38,49,0),(1951,39,0,0),(1952,39,1,0),(1953,39,2,0),(1954,39,3,0),(1955,39,4,0),(1956,39,5,0),(1957,39,6,0),(1958,39,7,0),(1959,39,8,0),(1960,39,9,0),(1961,39,10,0),(1962,39,11,0),(1963,39,12,0),(1964,39,13,0),(1965,39,14,0),(1966,39,15,0),(1967,39,16,0),(1968,39,17,0),(1969,39,18,0),(1970,39,19,0),(1971,39,20,0),(1972,39,21,0),(1973,39,22,2),(1974,39,23,2),(1975,39,24,0),(1976,39,25,0),(1977,39,26,0),(1978,39,27,0),(1979,39,28,0),(1980,39,29,2),(1981,39,30,2),(1982,39,31,2),(1983,39,32,0),(1984,39,33,0),(1985,39,34,0),(1986,39,35,0),(1987,39,36,0),(1988,39,37,2),(1989,39,38,2),(1990,39,39,2),(1991,39,40,2),(1992,39,41,0),(1993,39,42,0),(1994,39,43,1),(1995,39,44,0),(1996,39,45,0),(1997,39,46,0),(1998,39,47,1),(1999,39,48,0),(2000,39,49,0),(2001,40,0,0),(2002,40,1,0),(2003,40,2,1),(2004,40,3,0),(2005,40,4,0),(2006,40,5,0),(2007,40,6,1),(2008,40,7,0),(2009,40,8,2),(2010,40,9,2),(2011,40,10,2),(2012,40,11,0),(2013,40,12,0),(2014,40,13,0),(2015,40,14,0),(2016,40,15,0),(2017,40,16,0),(2018,40,17,0),(2019,40,18,0),(2020,40,19,0),(2021,40,20,0),(2022,40,21,0),(2023,40,22,2),(2024,40,23,2),(2025,40,24,0),(2026,40,25,0),(2027,40,26,0),(2028,40,27,0),(2029,40,28,0),(2030,40,29,2),(2031,40,30,2),(2032,40,31,2),(2033,40,32,0),(2034,40,33,0),(2035,40,34,0),(2036,40,35,1),(2037,40,36,0),(2038,40,37,2),(2039,40,38,2),(2040,40,39,2),(2041,40,40,2),(2042,40,41,0),(2043,40,42,0),(2044,40,43,0),(2045,40,44,0),(2046,40,45,0),(2047,40,46,0),(2048,40,47,0),(2049,40,48,0),(2050,40,49,0),(2051,41,0,0),(2052,41,1,0),(2053,41,2,0),(2054,41,3,0),(2055,41,4,0),(2056,41,5,0),(2057,41,6,0),(2058,41,7,0),(2059,41,8,2),(2060,41,9,2),(2061,41,10,2),(2062,41,11,0),(2063,41,12,0),(2064,41,13,0),(2065,41,14,1),(2066,41,15,0),(2067,41,16,0),(2068,41,17,0),(2069,41,18,0),(2070,41,19,1),(2071,41,20,0),(2072,41,21,0),(2073,41,22,2),(2074,41,23,2),(2075,41,24,0),(2076,41,25,0),(2077,41,26,0),(2078,41,27,0),(2079,41,28,0),(2080,41,29,4),(2081,41,30,2),(2082,41,31,2),(2083,41,32,0),(2084,41,33,0),(2085,41,34,0),(2086,41,35,0),(2087,41,36,0),(2088,41,37,2),(2089,41,38,2),(2090,41,39,2),(2091,41,40,2),(2092,41,41,0),(2093,41,42,0),(2094,41,43,1),(2095,41,44,0),(2096,41,45,0),(2097,41,46,0),(2098,41,47,1),(2099,41,48,0),(2100,41,49,0),(2101,42,0,0),(2102,42,1,0),(2103,42,2,0),(2104,42,3,0),(2105,42,4,0),(2106,42,5,0),(2107,42,6,0),(2108,42,7,0),(2109,42,8,2),(2110,42,9,2),(2111,42,10,2),(2112,42,11,0),(2113,42,12,0),(2114,42,13,0),(2115,42,14,0),(2116,42,15,0),(2117,42,16,0),(2118,42,17,0),(2119,42,18,0),(2120,42,19,0),(2121,42,20,0),(2122,42,21,0),(2123,42,22,2),(2124,42,23,2),(2125,42,24,0),(2126,42,25,0),(2127,42,26,0),(2128,42,27,0),(2129,42,28,0),(2130,42,29,0),(2131,42,30,0),(2132,42,31,0),(2133,42,32,0),(2134,42,33,0),(2135,42,34,0),(2136,42,35,0),(2137,42,36,0),(2138,42,37,0),(2139,42,38,0),(2140,42,39,0),(2141,42,40,0),(2142,42,41,0),(2143,42,42,0),(2144,42,43,0),(2145,42,44,0),(2146,42,45,0),(2147,42,46,0),(2148,42,47,0),(2149,42,48,0),(2150,42,49,0),(2151,43,0,0),(2152,43,1,0),(2153,43,2,1),(2154,43,3,0),(2155,43,4,0),(2156,43,5,0),(2157,43,6,1),(2158,43,7,0),(2159,43,8,2),(2160,43,9,2),(2161,43,10,2),(2162,43,11,0),(2163,43,12,0),(2164,43,13,0),(2165,43,14,1),(2166,43,15,0),(2167,43,16,0),(2168,43,17,0),(2169,43,18,0),(2170,43,19,1),(2171,43,20,0),(2172,43,21,0),(2173,43,22,0),(2174,43,23,0),(2175,43,24,0),(2176,43,25,0),(2177,43,26,0),(2178,43,27,0),(2179,43,28,0),(2180,43,29,1),(2181,43,30,0),(2182,43,31,0),(2183,43,32,0),(2184,43,33,0),(2185,43,34,0),(2186,43,35,1),(2187,43,36,0),(2188,43,37,0),(2189,43,38,0),(2190,43,39,0),(2191,43,40,1),(2192,43,41,0),(2193,43,42,0),(2194,43,43,0),(2195,43,44,1),(2196,43,45,0),(2197,43,46,0),(2198,43,47,0),(2199,43,48,1),(2200,43,49,0),(2201,44,0,0),(2202,44,1,0),(2203,44,2,0),(2204,44,3,0),(2205,44,4,0),(2206,44,5,0),(2207,44,6,0),(2208,44,7,0),(2209,44,8,0),(2210,44,9,0),(2211,44,10,0),(2212,44,11,0),(2213,44,12,0),(2214,44,13,0),(2215,44,14,0),(2216,44,15,0),(2217,44,16,0),(2218,44,17,0),(2219,44,18,0),(2220,44,19,0),(2221,44,20,0),(2222,44,21,0),(2223,44,22,0),(2224,44,23,0),(2225,44,24,0),(2226,44,25,0),(2227,44,26,0),(2228,44,27,0),(2229,44,28,0),(2230,44,29,0),(2231,44,30,0),(2232,44,31,0),(2233,44,32,0),(2234,44,33,0),(2235,44,34,0),(2236,44,35,0),(2237,44,36,0),(2238,44,37,0),(2239,44,38,0),(2240,44,39,0),(2241,44,40,0),(2242,44,41,0),(2243,44,42,0),(2244,44,43,0),(2245,44,44,0),(2246,44,45,0),(2247,44,46,0),(2248,44,47,0),(2249,44,48,0),(2250,44,49,0),(2251,45,0,2),(2252,45,1,2),(2253,45,2,2),(2254,45,3,2),(2255,45,4,2),(2256,45,5,2),(2257,45,6,2),(2258,45,7,2),(2259,45,8,2),(2260,45,9,2),(2261,45,10,2),(2262,45,11,2),(2263,45,12,2),(2264,45,13,2),(2265,45,14,2),(2266,45,15,2),(2267,45,16,2),(2268,45,17,2),(2269,45,18,2),(2270,45,19,2),(2271,45,20,2),(2272,45,21,2),(2273,45,22,2),(2274,45,23,2),(2275,45,24,0),(2276,45,25,0),(2277,45,26,0),(2278,45,27,0),(2279,45,28,0),(2280,45,29,2),(2281,45,30,2),(2282,45,31,2),(2283,45,32,2),(2284,45,33,2),(2285,45,34,2),(2286,45,35,2),(2287,45,36,2),(2288,45,37,2),(2289,45,38,2),(2290,45,39,2),(2291,45,40,0),(2292,45,41,0),(2293,45,42,0),(2294,45,43,0),(2295,45,44,0),(2296,45,45,2),(2297,45,46,2),(2298,45,47,2),(2299,45,48,2),(2300,45,49,2),(2301,46,0,2),(2302,46,1,2),(2303,46,2,2),(2304,46,3,2),(2305,46,4,2),(2306,46,5,2),(2307,46,6,2),(2308,46,7,2),(2309,46,8,2),(2310,46,9,2),(2311,46,10,2),(2312,46,11,2),(2313,46,12,2),(2314,46,13,2),(2315,46,14,2),(2316,46,15,2),(2317,46,16,2),(2318,46,17,2),(2319,46,18,2),(2320,46,19,2),(2321,46,20,2),(2322,46,21,2),(2323,46,22,2),(2324,46,23,2),(2325,46,24,0),(2326,46,25,0),(2327,46,26,0),(2328,46,27,0),(2329,46,28,0),(2330,46,29,2),(2331,46,30,2),(2332,46,31,4),(2333,46,32,0),(2334,46,33,1),(2335,46,34,0),(2336,46,35,0),(2337,46,36,0),(2338,46,37,0),(2339,46,38,1),(2340,46,39,0),(2341,46,40,0),(2342,46,41,0),(2343,46,42,0),(2344,46,43,0),(2345,46,44,0),(2346,46,45,2),(2347,46,46,2),(2348,46,47,2),(2349,46,48,2),(2350,46,49,2),(2351,47,0,0),(2352,47,1,0),(2353,47,2,0),(2354,47,3,0),(2355,47,4,0),(2356,47,5,0),(2357,47,6,0),(2358,47,7,0),(2359,47,8,0),(2360,47,9,0),(2361,47,10,0),(2362,47,11,0),(2363,47,12,0),(2364,47,13,0),(2365,47,14,0),(2366,47,15,0),(2367,47,16,0),(2368,47,17,0),(2369,47,18,0),(2370,47,19,0),(2371,47,20,0),(2372,47,21,0),(2373,47,22,0),(2374,47,23,0),(2375,47,24,0),(2376,47,25,0),(2377,47,26,0),(2378,47,27,0),(2379,47,28,0),(2380,47,29,2),(2381,47,30,2),(2382,47,31,2),(2383,47,32,0),(2384,47,33,0),(2385,47,34,0),(2386,47,35,0),(2387,47,36,0),(2388,47,37,0),(2389,47,38,0),(2390,47,39,0),(2391,47,40,0),(2392,47,41,0),(2393,47,42,1),(2394,47,43,0),(2395,47,44,0),(2396,47,45,0),(2397,47,46,0),(2398,47,47,0),(2399,47,48,2),(2400,47,49,2),(2401,48,0,0),(2402,48,1,0),(2403,48,2,0),(2404,48,3,1),(2405,48,4,0),(2406,48,5,0),(2407,48,6,0),(2408,48,7,0),(2409,48,8,0),(2410,48,9,1),(2411,48,10,0),(2412,48,11,0),(2413,48,12,0),(2414,48,13,0),(2415,48,14,0),(2416,48,15,1),(2417,48,16,0),(2418,48,17,0),(2419,48,18,0),(2420,48,19,0),(2421,48,20,0),(2422,48,21,1),(2423,48,22,0),(2424,48,23,0),(2425,48,24,0),(2426,48,25,0),(2427,48,26,0),(2428,48,27,1),(2429,48,28,0),(2430,48,29,2),(2431,48,30,2),(2432,48,31,2),(2433,48,32,0),(2434,48,33,1),(2435,48,34,0),(2436,48,35,0),(2437,48,36,0),(2438,48,37,0),(2439,48,38,1),(2440,48,39,0),(2441,48,40,0),(2442,48,41,0),(2443,48,42,0),(2444,48,43,0),(2445,48,44,0),(2446,48,45,0),(2447,48,46,0),(2448,48,47,0),(2449,48,48,2),(2450,48,49,2),(2451,49,0,0),(2452,49,1,0),(2453,49,2,0),(2454,49,3,0),(2455,49,4,0),(2456,49,5,0),(2457,49,6,0),(2458,49,7,0),(2459,49,8,0),(2460,49,9,0),(2461,49,10,0),(2462,49,11,0),(2463,49,12,0),(2464,49,13,0),(2465,49,14,0),(2466,49,15,0),(2467,49,16,0),(2468,49,17,0),(2469,49,18,0),(2470,49,19,0),(2471,49,20,0),(2472,49,21,0),(2473,49,22,0),(2474,49,23,0),(2475,49,24,0),(2476,49,25,0),(2477,49,26,0),(2478,49,27,0),(2479,49,28,0),(2480,49,29,2),(2481,49,30,2),(2482,49,31,2),(2483,49,32,2),(2484,49,33,2),(2485,49,34,2),(2486,49,35,2),(2487,49,36,2),(2488,49,37,2),(2489,49,38,2),(2490,49,39,2),(2491,49,40,2),(2492,49,41,2),(2493,49,42,2),(2494,49,43,2),(2495,49,44,2),(2496,49,45,2),(2497,49,46,2),(2498,49,47,2),(2499,49,48,2),(2500,49,49,2);
/*!40000 ALTER TABLE `map` ENABLE KEYS */;
UNLOCK TABLES;

--
-- Table structure for table `sensor`
--

DROP TABLE IF EXISTS `sensor`;
/*!40101 SET @saved_cs_client     = @@character_set_client */;
/*!40101 SET character_set_client = utf8 */;
CREATE TABLE `sensor` (
  `sensor_id` int(11) NOT NULL AUTO_INCREMENT,
  `sensor_name` varchar(45) COLLATE utf8_unicode_ci DEFAULT NULL,
  `sensor_detail` varchar(100) COLLATE utf8_unicode_ci DEFAULT NULL,
  `current_tree_id` int(11) DEFAULT NULL,
  `sensor_state` int(11) DEFAULT '1',
  PRIMARY KEY (`sensor_id`),
  KEY `aaaaaaa_idx` (`current_tree_id`),
  CONSTRAINT `aaaaaaa` FOREIGN KEY (`current_tree_id`) REFERENCES `tree` (`tree_id`) ON DELETE NO ACTION ON UPDATE NO ACTION
) ENGINE=InnoDB AUTO_INCREMENT=7 DEFAULT CHARSET=utf8 COLLATE=utf8_unicode_ci;
/*!40101 SET character_set_client = @saved_cs_client */;

--
-- Dumping data for table `sensor`
--

LOCK TABLES `sensor` WRITE;
/*!40000 ALTER TABLE `sensor` DISABLE KEYS */;
INSERT INTO `sensor` VALUES (1,'SS_C9_202','This is a sensor which has humity, temorature',2,0),(2,'SS_C9_101','This is the sensor which has humity, temorature',4,1),(3,'SS_C9_101','This is the sensor which has humity, temorature',5,1),(4,'SS_C9_101','This is the sensor which has humity, temorature',1,1),(5,'SS_C9_202','This is a sensor which has humity, temorature',3,1),(6,'SS_C9_202','This is a sensor which has humity, temorature',6,1);
/*!40000 ALTER TABLE `sensor` ENABLE KEYS */;
UNLOCK TABLES;

--
-- Table structure for table `staff`
--

DROP TABLE IF EXISTS `staff`;
/*!40101 SET @saved_cs_client     = @@character_set_client */;
/*!40101 SET character_set_client = utf8 */;
CREATE TABLE `staff` (
  `staff_id` int(11) NOT NULL AUTO_INCREMENT,
  `staff_code` varchar(45) COLLATE utf8_unicode_ci DEFAULT NULL,
  `staff_name` varchar(45) COLLATE utf8_unicode_ci DEFAULT NULL,
  `staff_dob` date DEFAULT NULL,
  `staff_phone` varchar(45) COLLATE utf8_unicode_ci DEFAULT NULL,
  `staff_address` varchar(45) COLLATE utf8_unicode_ci DEFAULT NULL,
  `staff_role` varchar(45) COLLATE utf8_unicode_ci DEFAULT NULL,
  `staff_state` int(11) DEFAULT '1',
  `username` varchar(45) COLLATE utf8_unicode_ci DEFAULT NULL,
  `password` varchar(60) COLLATE utf8_unicode_ci DEFAULT NULL,
  `x` int(11) DEFAULT '0',
  `y` int(11) DEFAULT '0',
  PRIMARY KEY (`staff_id`)
) ENGINE=InnoDB AUTO_INCREMENT=5 DEFAULT CHARSET=utf8 COLLATE=utf8_unicode_ci;
/*!40101 SET character_set_client = @saved_cs_client */;

--
-- Dumping data for table `staff`
--

LOCK TABLES `staff` WRITE;
/*!40000 ALTER TABLE `staff` DISABLE KEYS */;
INSERT INTO `staff` VALUES (0,'TNV','Tình nguyện viên','2000-02-02','0','Every Where','TNV',1,'TNV','TNV',0,0),(1,'QL_01_LinhPH','Phạm Hải Linh','1996-11-30','01667645238','Bạch Mai - Hà Nội','MANAGER',1,'linhph','linhph',0,0),(2,'NV_01_TUNGTS','Trần Sơn Tùng','1996-12-09','01685423584','Đại La - HBT - Hà Nội','STAFF',1,'tungts','tungts',0,0),(3,'NV_02_THANHNV','Nguyễn Văn Thanh','1996-06-03','01689745875','Đại La - HBT - Hà Nội','STAFF',1,'thanhnv','thanhnv',0,0),(4,'TNV','Tình nguyện viên','2000-02-01','0','Every Where','TNV',1,'ducnv','ducnv',0,0);
/*!40000 ALTER TABLE `staff` ENABLE KEYS */;
UNLOCK TABLES;

--
-- Table structure for table `tree`
--

DROP TABLE IF EXISTS `tree`;
/*!40101 SET @saved_cs_client     = @@character_set_client */;
/*!40101 SET character_set_client = utf8 */;
CREATE TABLE `tree` (
  `tree_id` int(11) NOT NULL AUTO_INCREMENT,
  `tree_name` varchar(45) COLLATE utf8_unicode_ci DEFAULT NULL,
  `tree_type` int(11) DEFAULT NULL,
  `current_water` double DEFAULT NULL,
  `current_state` varchar(45) COLLATE utf8_unicode_ci DEFAULT NULL,
  `x` double DEFAULT NULL,
  `y` double DEFAULT NULL,
  `tree_state` int(11) DEFAULT '1',
  `is_blocking` int(11) DEFAULT '0',
  PRIMARY KEY (`tree_id`),
  KEY `key1_idx` (`tree_type`),
  CONSTRAINT `key1` FOREIGN KEY (`tree_type`) REFERENCES `tree_type` (`type_id`) ON DELETE NO ACTION ON UPDATE NO ACTION
) ENGINE=InnoDB AUTO_INCREMENT=17 DEFAULT CHARSET=utf8 COLLATE=utf8_unicode_ci;
/*!40101 SET character_set_client = @saved_cs_client */;

--
-- Dumping data for table `tree`
--

LOCK TABLES `tree` WRITE;
/*!40000 ALTER TABLE `tree` DISABLE KEYS */;
INSERT INTO `tree` VALUES (1,'C9_301',1,-2,'NORMAL',14,10,1,0),(2,'C9_30_2',3,0.5,'DANGEROUS',15,14,1,1),(3,'444444',1,-12.5,'NORMAL',17,46,1,0),(4,'444444',1,0.5,'NORMAL',14,22,1,0),(5,'C9_30_9',2,-1,'NORMAL',14,20,1,0),(6,'C9_301',1,0.5,'NORMAL',14,14,1,1),(7,'C9_30_2',3,1,'DANGEROUS',14,14,1,1),(8,'444444',1,0.5,'NORMAL',14,14,1,1),(9,'444444',1,1,'NORMAL',14,14,1,1),(10,'C9_30_9',2,1.5,'NORMAL',14,14,1,1),(11,'C9_30_9',2,2.5,'NORMAL',14,14,1,1),(12,'C9_301',1,0.5,'NORMAL',14,14,1,1),(13,'C9_30_2',3,1.5,'DANGEROUS',14,14,1,1),(14,'444444',1,0.5,'NORMAL',14,14,1,1),(15,'444444',1,0.5,'NORMAL',14,14,1,1),(16,'C9_30_9',2,2.5,'NORMAL',14,14,1,1);
/*!40000 ALTER TABLE `tree` ENABLE KEYS */;
UNLOCK TABLES;

--
-- Table structure for table `tree_state`
--

DROP TABLE IF EXISTS `tree_state`;
/*!40101 SET @saved_cs_client     = @@character_set_client */;
/*!40101 SET character_set_client = utf8 */;
CREATE TABLE `tree_state` (
  `id` int(11) NOT NULL AUTO_INCREMENT,
  `tree_id` int(11) DEFAULT NULL,
  `time` datetime DEFAULT CURRENT_TIMESTAMP,
  `tree_state` varchar(45) COLLATE utf8_unicode_ci DEFAULT NULL,
  `tree_description` varchar(100) COLLATE utf8_unicode_ci DEFAULT NULL,
  `comfirmed` int(11) DEFAULT '0',
  `tree_state_image` varchar(200) COLLATE utf8_unicode_ci DEFAULT NULL,
  PRIMARY KEY (`id`),
  KEY `asss_idx` (`tree_id`),
  CONSTRAINT `asss` FOREIGN KEY (`tree_id`) REFERENCES `tree` (`tree_id`) ON DELETE NO ACTION ON UPDATE NO ACTION
) ENGINE=InnoDB AUTO_INCREMENT=4 DEFAULT CHARSET=utf8 COLLATE=utf8_unicode_ci;
/*!40101 SET character_set_client = @saved_cs_client */;

--
-- Dumping data for table `tree_state`
--

LOCK TABLES `tree_state` WRITE;
/*!40000 ALTER TABLE `tree_state` DISABLE KEYS */;
INSERT INTO `tree_state` VALUES (1,1,'2018-03-14 13:46:48','DEAD','Chet CMNR ',0,NULL),(2,1,'2018-03-14 16:23:29','asdasd','asdas',0,'http://localhost:3000/images/uploads/1521019409806.pdf'),(3,1,'2018-03-14 16:25:06','DM TUNG','Khong co gi ca',0,'http://localhost:3000/images/uploads/1521019506839.pdf');
/*!40000 ALTER TABLE `tree_state` ENABLE KEYS */;
UNLOCK TABLES;

--
-- Table structure for table `tree_type`
--

DROP TABLE IF EXISTS `tree_type`;
/*!40101 SET @saved_cs_client     = @@character_set_client */;
/*!40101 SET character_set_client = utf8 */;
CREATE TABLE `tree_type` (
  `type_id` int(11) NOT NULL AUTO_INCREMENT,
  `type_name` varchar(45) COLLATE utf8_unicode_ci DEFAULT NULL,
  `standard_temperature` double DEFAULT NULL,
  `standard_humidity` double DEFAULT NULL,
  `standard_water` double DEFAULT NULL,
  `state` int(11) DEFAULT '1',
  PRIMARY KEY (`type_id`)
) ENGINE=InnoDB AUTO_INCREMENT=7 DEFAULT CHARSET=utf8 COLLATE=utf8_unicode_ci;
/*!40101 SET character_set_client = @saved_cs_client */;

--
-- Dumping data for table `tree_type`
--

LOCK TABLES `tree_type` WRITE;
/*!40000 ALTER TABLE `tree_type` DISABLE KEYS */;
INSERT INTO `tree_type` VALUES (1,'Sấu 2',250,800,0.5,0),(2,'Bàng',25,80,0.5,1),(3,'Phượng',25,80,0.5,1),(4,'Xà cừ',25,80,0.5,1),(5,'Sấu',25,80,0.5,1),(6,'Sấu 2',250,800,0.5,1);
/*!40000 ALTER TABLE `tree_type` ENABLE KEYS */;
UNLOCK TABLES;

--
-- Table structure for table `water_station`
--

DROP TABLE IF EXISTS `water_station`;
/*!40101 SET @saved_cs_client     = @@character_set_client */;
/*!40101 SET character_set_client = utf8 */;
CREATE TABLE `water_station` (
  `water_id` int(11) NOT NULL AUTO_INCREMENT,
  `water_name` varchar(45) COLLATE utf8_unicode_ci DEFAULT NULL,
  `water_location` varchar(45) COLLATE utf8_unicode_ci DEFAULT NULL,
  `x` int(11) DEFAULT NULL,
  `y` int(11) DEFAULT NULL,
  `state` int(11) DEFAULT '1',
  PRIMARY KEY (`water_id`)
) ENGINE=InnoDB AUTO_INCREMENT=7 DEFAULT CHARSET=utf8 COLLATE=utf8_unicode_ci;
/*!40101 SET character_set_client = @saved_cs_client */;

--
-- Dumping data for table `water_station`
--

LOCK TABLES `water_station` WRITE;
/*!40000 ALTER TABLE `water_station` DISABLE KEYS */;
INSERT INTO `water_station` VALUES (1,'WC_D35_F1','WC tầng 1 tòa nhà D35',0,49,1),(2,'WC_D35_F1','WC tần 1 tòa nhà D3-5',0,0,1),(3,'WC_D35_F1','WC tầng 1 tòa nhà D3-----5',49,49,1),(4,'WC_D35_F1','WC tầng 1 tòa nhà D3-----5',12,40,1),(5,'WC_D35_F1','WC tầng 1 tòa nhà D3-----5',49,0,1),(6,'WC_D35_F1','WC tầng 1 tòa nhà D3-----5',26,30,1);
/*!40000 ALTER TABLE `water_station` ENABLE KEYS */;
UNLOCK TABLES;

--
-- Table structure for table `work_history`
--

DROP TABLE IF EXISTS `work_history`;
/*!40101 SET @saved_cs_client     = @@character_set_client */;
/*!40101 SET character_set_client = utf8 */;
CREATE TABLE `work_history` (
  `id` int(11) NOT NULL AUTO_INCREMENT,
  `staff_id` int(11) DEFAULT NULL,
  `date` date DEFAULT NULL,
  `shift` int(11) DEFAULT NULL,
  PRIMARY KEY (`id`),
  KEY `llll_idx` (`staff_id`),
  CONSTRAINT `llll` FOREIGN KEY (`staff_id`) REFERENCES `staff` (`staff_id`) ON DELETE NO ACTION ON UPDATE NO ACTION
) ENGINE=InnoDB DEFAULT CHARSET=utf8 COLLATE=utf8_unicode_ci;
/*!40101 SET character_set_client = @saved_cs_client */;

--
-- Dumping data for table `work_history`
--

LOCK TABLES `work_history` WRITE;
/*!40000 ALTER TABLE `work_history` DISABLE KEYS */;
/*!40000 ALTER TABLE `work_history` ENABLE KEYS */;
UNLOCK TABLES;

--
-- Table structure for table `work_register`
--

DROP TABLE IF EXISTS `work_register`;
/*!40101 SET @saved_cs_client     = @@character_set_client */;
/*!40101 SET character_set_client = utf8 */;
CREATE TABLE `work_register` (
  `id` int(11) NOT NULL AUTO_INCREMENT,
  `staff_id` int(11) DEFAULT NULL,
  `date` date DEFAULT NULL,
  `register_time` datetime DEFAULT NULL,
  `state` varchar(45) COLLATE utf8_unicode_ci DEFAULT 'WAIT',
  PRIMARY KEY (`id`),
  KEY `lj_idx` (`staff_id`),
  CONSTRAINT `lj` FOREIGN KEY (`staff_id`) REFERENCES `staff` (`staff_id`) ON DELETE NO ACTION ON UPDATE NO ACTION
) ENGINE=InnoDB DEFAULT CHARSET=utf8 COLLATE=utf8_unicode_ci;
/*!40101 SET character_set_client = @saved_cs_client */;

--
-- Dumping data for table `work_register`
--

LOCK TABLES `work_register` WRITE;
/*!40000 ALTER TABLE `work_register` DISABLE KEYS */;
/*!40000 ALTER TABLE `work_register` ENABLE KEYS */;
UNLOCK TABLES;
/*!40103 SET TIME_ZONE=@OLD_TIME_ZONE */;

/*!40101 SET SQL_MODE=@OLD_SQL_MODE */;
/*!40014 SET FOREIGN_KEY_CHECKS=@OLD_FOREIGN_KEY_CHECKS */;
/*!40014 SET UNIQUE_CHECKS=@OLD_UNIQUE_CHECKS */;
/*!40101 SET CHARACTER_SET_CLIENT=@OLD_CHARACTER_SET_CLIENT */;
/*!40101 SET CHARACTER_SET_RESULTS=@OLD_CHARACTER_SET_RESULTS */;
/*!40101 SET COLLATION_CONNECTION=@OLD_COLLATION_CONNECTION */;
/*!40111 SET SQL_NOTES=@OLD_SQL_NOTES */;

-- Dump completed on 2018-04-11 14:49:00
